Muskel;Region;Subregion;Feld;Urteil;Bei mir;Wikipedia;Delta;Artikel
M. abductor digiti minimi;Obere Extremität;Hand & Finger;Ursprung;abweichend;Os pisiforme;Os pisiforme und Sehne des Musculus flexor carpi ulnaris;;https://de.wikipedia.org/wiki/Musculus_abductor_digiti_minimi_(Hand)
M. abductor digiti minimi;Obere Extremität;Hand & Finger;Ansatz;teils gleich;Basis der Grundphalanx des V. Fingers, ulnares Sesambein;medial an der Basis des kleinen Fingers;;https://de.wikipedia.org/wiki/Musculus_abductor_digiti_minimi_(Hand)
M. abductor digiti minimi;Obere Extremität;Hand & Finger;Funktion;Freitext — nur lesen;"Abduktion des kleinen Fingers; unterstützt die MCP-Extension";Abspreizen des kleinen Fingers;;https://de.wikipedia.org/wiki/Musculus_abductor_digiti_minimi_(Hand)
M. abductor digiti minimi;Obere Extremität;Hand & Finger;Innervation;teils gleich;N. ulnaris;Nervus ulnaris (Plexus brachialis);;https://de.wikipedia.org/wiki/Musculus_abductor_digiti_minimi_(Hand)
M. abductor digiti minimi;Obere Extremität;Hand & Finger;Segmente;gleich;C8, Th1;C8, Th1;;https://de.wikipedia.org/wiki/Musculus_abductor_digiti_minimi_(Hand)
M. abductor digiti minimi;Untere Extremität;Fuß & Sprunggelenk;Ursprung;teils gleich;Tuber calcanei (Proc. lateralis) und Lig. plantare longum;Processus lateralis tuberis calcanei, Plantaraponeurose;;https://de.wikipedia.org/wiki/Musculus_abductor_digiti_minimi_(Fu%C3%9F)
M. abductor digiti minimi;Untere Extremität;Fuß & Sprunggelenk;Ansatz;abweichend;Zeh V, Tuberositas ossis metatarsalis V und proximale Phalanx (laterale Seite);v. a. Basis Grundglied Kleinzehe;;https://de.wikipedia.org/wiki/Musculus_abductor_digiti_minimi_(Fu%C3%9F)
M. abductor digiti minimi;Untere Extremität;Fuß & Sprunggelenk;Funktion;Freitext — nur lesen;"Abduziert und beugt die Kleinzehe im MTP-Gelenk; stabilisiert den lateralen Fußrand";Abduktion und Flexion der Kleinzehe;;https://de.wikipedia.org/wiki/Musculus_abductor_digiti_minimi_(Fu%C3%9F)
M. abductor digiti minimi;Untere Extremität;Fuß & Sprunggelenk;Innervation;gleich (andere Worte);N. tibialis (N. plantaris lateralis);Nervus plantaris lateralis;;https://de.wikipedia.org/wiki/Musculus_abductor_digiti_minimi_(Fu%C3%9F)
M. abductor digiti minimi;Untere Extremität;Fuß & Sprunggelenk;Segmente;nur Wikipedia;;S1-S2;;https://de.wikipedia.org/wiki/Musculus_abductor_digiti_minimi_(Fu%C3%9F)
M. abductor hallucis;Untere Extremität;Fuß & Sprunggelenk;Ursprung;abweichend;Proc. medialis des Tuber calcanei, Retinaculum flexorum und Aponeurosis plantaris;Tuberculum mediale des Fersenbeins;;https://de.wikipedia.org/wiki/Musculus_abductor_hallucis
M. abductor hallucis;Untere Extremität;Fuß & Sprunggelenk;Ansatz;teils gleich;Basis der proximalen Phalanx des I. Zehs und mediales Sesambein;Basis der proximalen Phalanx der großen Zehe;;https://de.wikipedia.org/wiki/Musculus_abductor_hallucis
M. abductor hallucis;Untere Extremität;Fuß & Sprunggelenk;Funktion;Freitext — nur lesen;"Abduziert die Großzehe vom zweiten Strahl weg; beugt sie im MTP-Gelenk; unterstützt das mediale Längsgewölbe";Beugen und Abspreizen des großen Zehs, versteift Längsgewölbe;;https://de.wikipedia.org/wiki/Musculus_abductor_hallucis
M. abductor hallucis;Untere Extremität;Fuß & Sprunggelenk;Innervation;gleich (andere Worte);N. tibialis (N. plantaris medialis);Nervus plantaris medialis;;https://de.wikipedia.org/wiki/Musculus_abductor_hallucis
M. abductor hallucis;Untere Extremität;Fuß & Sprunggelenk;Segmente;nur Wikipedia;;S1-S2;;https://de.wikipedia.org/wiki/Musculus_abductor_hallucis
M. abductor pollicis brevis;Obere Extremität;Hand & Finger;Ursprung;teils gleich;Tuberculum ossis scaphoidei und Retinaculum flexorum;Retinaculum flexorum, Os scaphoideum und Os trapezium;;https://de.wikipedia.org/wiki/Musculus_abductor_pollicis_brevis
M. abductor pollicis brevis;Obere Extremität;Hand & Finger;Ansatz;abweichend;Basis der Grundphalanx des Daumens, radiales Sesambein;Außenseite des Grundglieds des Daumens;;https://de.wikipedia.org/wiki/Musculus_abductor_pollicis_brevis
M. abductor pollicis brevis;Obere Extremität;Hand & Finger;Funktion;Freitext — nur lesen;Führt den Daumen ab und unterstützt Oppositions- sowie Beugebewegungen;Abspreizen des Daumens;;https://de.wikipedia.org/wiki/Musculus_abductor_pollicis_brevis
M. abductor pollicis brevis;Obere Extremität;Hand & Finger;Innervation;teils gleich;N. medianus;Nervus medianus des Plexus brachialis;;https://de.wikipedia.org/wiki/Musculus_abductor_pollicis_brevis
M. abductor pollicis brevis;Obere Extremität;Hand & Finger;Segmente;abweichend;C6, C7;C7-Th1;nur bei mir: C6 | nur Wikipedia: C8, Th1;https://de.wikipedia.org/wiki/Musculus_abductor_pollicis_brevis
M. abductor pollicis longus;Obere Extremität;Hand & Finger;Ursprung;teils gleich;Facies posterior von Ulna und Radius und Membrana interossea;Hinterfläche von Radius und Ulna, Membrana interossea;;https://de.wikipedia.org/wiki/Musculus_abductor_pollicis_longus
M. abductor pollicis longus;Obere Extremität;Hand & Finger;Ansatz;abweichend;Basis der radialen Seite des Os metacarpale I;Os metacarpale I, variabel am Os trapezoideum;;https://de.wikipedia.org/wiki/Musculus_abductor_pollicis_longus
M. abductor pollicis longus;Obere Extremität;Hand & Finger;Funktion;Freitext — nur lesen;"Abduktion und Extension des Daumens im Sattelgelenk; unterstützt die Radialabduktion";Abspreizung des Daumens;;https://de.wikipedia.org/wiki/Musculus_abductor_pollicis_longus
M. abductor pollicis longus;Obere Extremität;Hand & Finger;Innervation;teils gleich;N. radialis;Nervus radialis des Plexus brachialis;;https://de.wikipedia.org/wiki/Musculus_abductor_pollicis_longus
M. abductor pollicis longus;Obere Extremität;Hand & Finger;Segmente;abweichend;C6, C7, C8;C7, C8;nur bei mir: C6;https://de.wikipedia.org/wiki/Musculus_abductor_pollicis_longus
M. adductor brevis;Untere Extremität;Hüfte;Ursprung;gleich (andere Worte);Os pubis, Ramus inferior;Schambein (Ramus inferior ossis pubis);;https://de.wikipedia.org/wiki/Musculus_adductor_brevis
M. adductor brevis;Untere Extremität;Hüfte;Ansatz;abweichend;Linea pectinea (distal) und Linea aspera (proximal);Oberschenkelknochen (prox. Teil des Labium med. der Linea aspera);;https://de.wikipedia.org/wiki/Musculus_adductor_brevis
M. adductor brevis;Untere Extremität;Hüfte;Funktion;Freitext — nur lesen;"Führt den Oberschenkel zur Körpermitte (Adduktion); unterstützt zugleich die Hüftbeugung und eine leichte Außenrotation";Adduktion des Oberschenkels;;https://de.wikipedia.org/wiki/Musculus_adductor_brevis
M. adductor brevis;Untere Extremität;Hüfte;Innervation;gleich;N. obturatorius;Nervus obturatorius;;https://de.wikipedia.org/wiki/Musculus_adductor_brevis
M. adductor brevis;Untere Extremität;Hüfte;Segmente;abweichend;L2, L3, L4;L3, L4;nur bei mir: L2;https://de.wikipedia.org/wiki/Musculus_adductor_brevis
M. adductor hallucis;Untere Extremität;Fuß & Sprunggelenk;Ursprung;teils gleich;"Caput obliquum: Os metatarsale II–V (Basis); Os cuboideum, Os cuneiforme III und Lig. plantare longum; Caput transversum: Kapsel der Art. MTP II–V und Lig. metatarseum transversum profundum";Caput obliquum: v. a. Würfelbein · Caput transversum: Kapsel des 3. bis 5. Zehengrundgelenkes;;https://de.wikipedia.org/wiki/Musculus_adductor_hallucis
M. adductor hallucis;Untere Extremität;Fuß & Sprunggelenk;Ansatz;teils gleich;Basis der proximalen Phalanx des I. Zehs und laterales Sesambein;Proximale Phalanx der großen Zehe;;https://de.wikipedia.org/wiki/Musculus_adductor_hallucis
M. adductor hallucis;Untere Extremität;Fuß & Sprunggelenk;Funktion;Freitext — nur lesen;"Adduziert die Großzehe zum zweiten Strahl; beugt das MTP-Gelenk; verspannt das Quergewölbe (Caput transversum)";v. a. Einwärtsziehen der großen Zehe;;https://de.wikipedia.org/wiki/Musculus_adductor_hallucis
M. adductor hallucis;Untere Extremität;Fuß & Sprunggelenk;Innervation;gleich (andere Worte);N. tibialis (N. plantaris lateralis);Nervus plantaris lateralis;;https://de.wikipedia.org/wiki/Musculus_adductor_hallucis
M. adductor hallucis;Untere Extremität;Fuß & Sprunggelenk;Segmente;nur Wikipedia;;S1-S3;;https://de.wikipedia.org/wiki/Musculus_adductor_hallucis
M. adductor longus;Untere Extremität;Hüfte;Ursprung;teils gleich;Os pubis, Ramus superior und inferior;Schambein (Ramus superior);;https://de.wikipedia.org/wiki/Musculus_adductor_longus
M. adductor longus;Untere Extremität;Hüfte;Ansatz;teils gleich;Linea aspera des Femur (Mitte);Oberschenkelknochen (Labium med. der Linea aspera);;https://de.wikipedia.org/wiki/Musculus_adductor_longus
M. adductor longus;Untere Extremität;Hüfte;Funktion;Freitext — nur lesen;"Führt den Oberschenkel zur Körpermitte (Adduktion); unterstützt zugleich die Hüftbeugung und eine leichte Außenrotation";Beugung des Hüftgelenks und Heranziehen des Oberschenkels;;https://de.wikipedia.org/wiki/Musculus_adductor_longus
M. adductor longus;Untere Extremität;Hüfte;Innervation;gleich;N. obturatorius;Nervus obturatorius;;https://de.wikipedia.org/wiki/Musculus_adductor_longus
M. adductor longus;Untere Extremität;Hüfte;Segmente;abweichend;L2, L3, L4;L3, L4;nur bei mir: L2;https://de.wikipedia.org/wiki/Musculus_adductor_longus
M. adductor magnus;Untere Extremität;Hüfte;Ursprung;teils gleich;"Pars superior: Os pubis, Ramus inferior und Ramus ossis ischii; Pars media: Ramus ossis ischii; Pars inferior: Tuber ischiadicum";Schambein (Ramus inferior ossis pubis) und Sitzbein (Ramus ossis ischii, Tuber ischiadicum);;https://de.wikipedia.org/wiki/Musculus_adductor_magnus
M. adductor magnus;Untere Extremität;Hüfte;Ansatz;teils gleich;"Linea aspera (proximal); Linea aspera (distal); Tuberculum adductorium";Oberschenkelknochen (Labium med. der Linea aspera, Epicondylus medialis (Tuberculum adductorium) );;https://de.wikipedia.org/wiki/Musculus_adductor_magnus
M. adductor magnus;Untere Extremität;Hüfte;Funktion;Freitext — nur lesen;"Kräftiger Adduktor des Hüftgelenks; streckt die Hüfte (insbesondere der ischiokrurale Anteil); der pubische Anteil rotiert nach außen, der ischiokrurale Anteil nach innen";Adduktion des Oberschenkels;;https://de.wikipedia.org/wiki/Musculus_adductor_magnus
M. adductor magnus;Untere Extremität;Hüfte;Innervation;gleich;N. obturatorius, N. tibialis;Nervus obturatorius, Nervus tibialis;;https://de.wikipedia.org/wiki/Musculus_adductor_magnus
M. adductor magnus;Untere Extremität;Hüfte;Segmente;abweichend;L2, L3, L4, L5, S1;L3, L4;nur bei mir: L2, L5, S1;https://de.wikipedia.org/wiki/Musculus_adductor_magnus
M. adductor pollicis;Obere Extremität;Hand & Finger;Ursprung;gleich (andere Worte);"Caput obliquum: Os trapezoideum, Os capitatum, Basis Os metacarpale II, Ligg. metacarpalia palmaria; Caput transversum: Palmare Seite des Os metacarpale III";Caput obliquum: Os capitatum und Os metacarpale II und III · Caput transversum: palmar am Os metacarpale II und III;;https://de.wikipedia.org/wiki/Musculus_adductor_pollicis
M. adductor pollicis;Obere Extremität;Hand & Finger;Ansatz;teils gleich;Basis der Grundphalanx des Daumens, ulnares Sesambein;medial an der Basis des Daumens, ulnares Os sesamoideum;;https://de.wikipedia.org/wiki/Musculus_adductor_pollicis
M. adductor pollicis;Obere Extremität;Hand & Finger;Funktion;Freitext — nur lesen;"Adduktion des Daumens; unterstützt Reposition und Flexion im Sattelgelenk";Einwärtszieher des Daumens;;https://de.wikipedia.org/wiki/Musculus_adductor_pollicis
M. adductor pollicis;Obere Extremität;Hand & Finger;Innervation;teils gleich;N. ulnaris;Nervus ulnaris (Ramus profundus);;https://de.wikipedia.org/wiki/Musculus_adductor_pollicis
M. adductor pollicis;Obere Extremität;Hand & Finger;Segmente;gleich;C8, Th1;C8, Th1;;https://de.wikipedia.org/wiki/Musculus_adductor_pollicis
M. anconeus;Obere Extremität;Ellenbogen;Ursprung;gleich (andere Worte);Epicondylus lateralis humeri und Lig. collaterale radiale;Humerus (Epicondylus lateralis);;https://de.wikipedia.org/wiki/Musculus_anconeus
M. anconeus;Obere Extremität;Ellenbogen;Ansatz;abweichend;Proximaler Bereich der Facies posterior ulnae;Hinterfläche der Ulna;;https://de.wikipedia.org/wiki/Musculus_anconeus
M. anconeus;Obere Extremität;Ellenbogen;Funktion;Freitext — nur lesen;Unterstützt die Ellenbogenextension und stabilisiert das Gelenk;Streckung des Ellbogengelenks sowie Anspannen dessen Gelenkskapsel;;https://de.wikipedia.org/wiki/Musculus_anconeus
M. anconeus;Obere Extremität;Ellenbogen;Innervation;teils gleich;N. radialis;Nervus radialis des Plexus brachialis;;https://de.wikipedia.org/wiki/Musculus_anconeus
M. anconeus;Obere Extremität;Ellenbogen;Segmente;abweichend;C6, C7, C8;C7, C8;nur bei mir: C6;https://de.wikipedia.org/wiki/Musculus_anconeus
M. articularis genus;Untere Extremität;Knie;Ursprung;abweichend;Corpus femoris (ventral);Femur;;https://de.wikipedia.org/wiki/Musculus_articularis_genus
M. articularis genus;Untere Extremität;Knie;Ansatz;gleich (andere Worte);Kniegelenkkapsel (Recessus suprapatellaris);Recessus suprapatellaris;;https://de.wikipedia.org/wiki/Musculus_articularis_genus
M. articularis genus;Untere Extremität;Knie;Funktion;Freitext — nur lesen;Spannt die Kniegelenkkapsel im Recessus suprapatellaris (verhindert Einklemmen bei Kniestreckung);zieht den Recessus suprapatellaris in die Länge;;https://de.wikipedia.org/wiki/Musculus_articularis_genus
M. articularis genus;Untere Extremität;Knie;Innervation;gleich;N. femoralis;Nervus femoralis;;https://de.wikipedia.org/wiki/Musculus_articularis_genus
M. articularis genus;Untere Extremität;Knie;Segmente;nur bei mir;L3, L4;;;https://de.wikipedia.org/wiki/Musculus_articularis_genus
M. biceps brachii;Obere Extremität;Ellenbogen;Ursprung;gleich (andere Worte);"Caput longum: Tuberculum supraglenoidale scapulae und Labrum glenoidale; Caput breve: Proc. coracoideus scapulae";Caput longum: · Schulterblatt (Tuberculum supraglenoidale) · Caput breve: · Rabenschnabelfortsatz des Schulterblatts (Processus coracoideus scapulae);;https://de.wikipedia.org/wiki/Musculus_biceps_brachii
M. biceps brachii;Obere Extremität;Ellenbogen;Ansatz;teils gleich;"Tuberositas radii; Lacertus fibrosus / Fascia antebrachii";Speiche (Tuberositas radii) und über Aponeurosis m. bicipitis an der Fascia antebrachii;;https://de.wikipedia.org/wiki/Musculus_biceps_brachii
M. biceps brachii;Obere Extremität;Ellenbogen;Funktion;Freitext — nur lesen;Schulter: Flexion, teils Abduktion oder Adduktion je nach Kopf. Ellenbogen: Flexion und Supination;Schultergelenk: Anteversion, Abduktion, Fixierung/Depression des Humeruskopfes Ellbogengelenk: Flexion und Supination;;https://de.wikipedia.org/wiki/Musculus_biceps_brachii
M. biceps brachii;Obere Extremität;Ellenbogen;Innervation;teils gleich;N. musculocutaneus;Nervus musculocutaneus des Plexus brachialis;;https://de.wikipedia.org/wiki/Musculus_biceps_brachii
M. biceps brachii;Obere Extremität;Ellenbogen;Segmente;abweichend;C5, C6, C7;C5, C6;nur bei mir: C7;https://de.wikipedia.org/wiki/Musculus_biceps_brachii
M. biceps femoris – Caput breve;Untere Extremität;Knie;Ursprung;abweichend;Linea aspera des Femur (mittlerer Teil);Caput longum: Sitzbein (Tuber ischiadicum) · Caput breve: Rückseite des Oberschenkelknochens;;https://de.wikipedia.org/wiki/Musculus_biceps_femoris
M. biceps femoris – Caput breve;Untere Extremität;Knie;Ansatz;teils gleich;Caput fibulae;Wadenbein (Caput fibulae) unterhalb des Kniegelenks;;https://de.wikipedia.org/wiki/Musculus_biceps_femoris
M. biceps femoris – Caput breve;Untere Extremität;Knie;Funktion;Freitext — nur lesen;"Beugt das Knie (Flexion in der Art. genus); dreht den Unterschenkel bei gebeugtem Knie nach außen (Außenrotation)";Beugung und Außenrotation Kniegelenk, Streckung und Außenrotation Hüftgelenk;;https://de.wikipedia.org/wiki/Musculus_biceps_femoris
M. biceps femoris – Caput breve;Untere Extremität;Knie;Innervation;abweichend;N. peroneus communis;Caput longum: Nervus tibialis · Caput breve: Nervus fibularis communis;;https://de.wikipedia.org/wiki/Musculus_biceps_femoris
M. biceps femoris – Caput breve;Untere Extremität;Knie;Segmente;abweichend;L5, S1, S2;L5, S1;nur bei mir: S2;https://de.wikipedia.org/wiki/Musculus_biceps_femoris
M. biceps femoris – Caput longum;Untere Extremität;Knie;Ursprung;teils gleich;Tuber ischiadicum;Caput longum: Sitzbein (Tuber ischiadicum) · Caput breve: Rückseite des Oberschenkelknochens;;https://de.wikipedia.org/wiki/Musculus_biceps_femoris
M. biceps femoris – Caput longum;Untere Extremität;Knie;Ansatz;teils gleich;"Caput fibulae; Condylus lateralis tibiae";Wadenbein (Caput fibulae) unterhalb des Kniegelenks;;https://de.wikipedia.org/wiki/Musculus_biceps_femoris
M. biceps femoris – Caput longum;Untere Extremität;Knie;Funktion;Freitext — nur lesen;"Streckt die Hüfte (Extension in der Art. coxae) und beugt das Knie (Flexion in der Art. genus); bei gebeugtem Knie Außenrotation des Unterschenkels";Beugung und Außenrotation Kniegelenk, Streckung und Außenrotation Hüftgelenk;;https://de.wikipedia.org/wiki/Musculus_biceps_femoris
M. biceps femoris – Caput longum;Untere Extremität;Knie;Innervation;abweichend;N. tibialis;Caput longum: Nervus tibialis · Caput breve: Nervus fibularis communis;;https://de.wikipedia.org/wiki/Musculus_biceps_femoris
M. biceps femoris – Caput longum;Untere Extremität;Knie;Segmente;abweichend;L5, S1, S2;L5, S1;nur bei mir: S2;https://de.wikipedia.org/wiki/Musculus_biceps_femoris
M. brachialis;Obere Extremität;Ellenbogen;Ursprung;abweichend;Ventrale Seite des Humerus, distale Hälfte;Vorderfläche des Humerusschafts;;https://de.wikipedia.org/wiki/Musculus_brachialis
M. brachialis;Obere Extremität;Ellenbogen;Ansatz;teils gleich;Tuberositas ulnae, Gelenkkapsel des Ellenbogens;Vorderfläche der Elle (Tuberositas ulnae);;https://de.wikipedia.org/wiki/Musculus_brachialis
M. brachialis;Obere Extremität;Ellenbogen;Funktion;Freitext — nur lesen;Stärkster Flexor im Ellenbogengelenk;Beugung Ellbogen;;https://de.wikipedia.org/wiki/Musculus_brachialis
M. brachialis;Obere Extremität;Ellenbogen;Innervation;abweichend;N. musculocutaneus;Nervus musculocutaneus und in Anteilen Nervus radialis, beide aus dem Plexus brachialis;;https://de.wikipedia.org/wiki/Musculus_brachialis
M. brachialis;Obere Extremität;Ellenbogen;Segmente;abweichend;C5, C6, C7;C5, C6;nur bei mir: C7;https://de.wikipedia.org/wiki/Musculus_brachialis
M. brachioradialis;Obere Extremität;Ellenbogen;Ursprung;teils gleich;Margo lateralis humeri;Äußerer Rand des Humerus (Crista supracondylaris lateralis);;https://de.wikipedia.org/wiki/Musculus_brachioradialis
M. brachioradialis;Obere Extremität;Ellenbogen;Ansatz;teils gleich;Radiale Fläche des Proc. styloideus radii;Radius (Processus styloideus radii);;https://de.wikipedia.org/wiki/Musculus_brachioradialis
M. brachioradialis;Obere Extremität;Ellenbogen;Funktion;Freitext — nur lesen;"Ellenbogenflexion; führt den Unterarm in Mittelstellung";Flexion, Pronation und Supination des Unterarms;;https://de.wikipedia.org/wiki/Musculus_brachioradialis
M. brachioradialis;Obere Extremität;Ellenbogen;Innervation;teils gleich;N. radialis;Nervus radialis des Plexus brachialis;;https://de.wikipedia.org/wiki/Musculus_brachioradialis
M. brachioradialis;Obere Extremität;Ellenbogen;Segmente;gleich;C5, C6, C7;C5–C7;;https://de.wikipedia.org/wiki/Musculus_brachioradialis
M. coccygeus;Wirbelsäule & Rumpf;Beckenboden;Ursprung;gleich;Spina ischiadica;Spina ischiadica;;https://de.wikipedia.org/wiki/Musculus_coccygeus
M. coccygeus;Wirbelsäule & Rumpf;Beckenboden;Ansatz;abweichend;Lateraler Rand des Os sacrum und Os coccygis (oberer Teil);Os coccygis;;https://de.wikipedia.org/wiki/Musculus_coccygeus
M. coccygeus;Wirbelsäule & Rumpf;Beckenboden;Funktion;Freitext — nur lesen;"Der M. coccygeus hebt den Beckenboden an und zieht das Os coccygis nach ventral; damit sichert er die Lage der Beckeneingeweide und trägt zur Erhöhung des intraabdominalen Drucks bei, etwa beim Husten, Pressen oder Niesen.";unterstützt den Musculus levator ani fixiert das Steißbein verschließt nach dorsal hin das Becken (zusammen mit dem Musculus piriformis);;https://de.wikipedia.org/wiki/Musculus_coccygeus
M. coccygeus;Wirbelsäule & Rumpf;Beckenboden;Innervation;teils gleich;Plexus sacralis;Nervus coccygeus (Plexus coccygeus);;https://de.wikipedia.org/wiki/Musculus_coccygeus
M. coccygeus;Wirbelsäule & Rumpf;Beckenboden;Segmente;abweichend;S4, S5;S5 bis Co2;nur bei mir: S4 | nur Wikipedia: Co1, Co2;https://de.wikipedia.org/wiki/Musculus_coccygeus
M. coracobrachialis;Obere Extremität;Schultergürtel;Ursprung;teils gleich;Proc. coracoideus der Scapula;Processus coracoideus des Schulterblatts;;https://de.wikipedia.org/wiki/Musculus_coracobrachialis
M. coracobrachialis;Obere Extremität;Schultergürtel;Ansatz;abweichend;Margo medialis humeri;Innere Seite des Humerus, gegenüber der Tuberositas deltoidea;;https://de.wikipedia.org/wiki/Musculus_coracobrachialis
M. coracobrachialis;Obere Extremität;Schultergürtel;Funktion;Freitext — nur lesen;Flexion und Adduktion im Schultergelenk;Adduktion, Anteversion und Innenrotation des Arms;;https://de.wikipedia.org/wiki/Musculus_coracobrachialis
M. coracobrachialis;Obere Extremität;Schultergürtel;Innervation;teils gleich;N. musculocutaneus;Nervus musculocutaneus des Plexus brachialis;;https://de.wikipedia.org/wiki/Musculus_coracobrachialis
M. coracobrachialis;Obere Extremität;Schultergürtel;Segmente;gleich;C6, C7;C6, C7;;https://de.wikipedia.org/wiki/Musculus_coracobrachialis
M. corrugator supercilii;Kopf & Hals;Mimikmuskulatur;Ursprung;abweichend;Medial unter der Augenbraue (Os frontale, Glabellabereich);Arcus superciliaris;;https://de.wikipedia.org/wiki/Musculus_corrugator_supercilii
M. corrugator supercilii;Kopf & Hals;Mimikmuskulatur;Ansatz;abweichend;Haut der medialen Augenbraue;Stirnhaut;;https://de.wikipedia.org/wiki/Musculus_corrugator_supercilii
M. corrugator supercilii;Kopf & Hals;Mimikmuskulatur;Funktion;Freitext — nur lesen;"Der M. corrugator supercilii zieht die Augenbraue nach medial und inferior und erzeugt senkrechte Falten an der Glabella (Zornesfalte); er drückt Anspannung und Missbilligung aus und antagonisiert den M. frontalis.";Zusammenziehen der Augenbrauen, vertikale Fältelung der Stirn;;https://de.wikipedia.org/wiki/Musculus_corrugator_supercilii
M. corrugator supercilii;Kopf & Hals;Mimikmuskulatur;Innervation;teils gleich;N. facialis (VII);Nervus facialis (Hirnnerv VII);;https://de.wikipedia.org/wiki/Musculus_corrugator_supercilii
M. corrugator supercilii;Kopf & Hals;Mimikmuskulatur;Segmente;beide leer;;;;https://de.wikipedia.org/wiki/Musculus_corrugator_supercilii
M. deltoideus;Obere Extremität;Schultergürtel;Ursprung;teils gleich;"Pars clavicularis: Extremitas acromialis der Clavicula; Pars acromialis: Akromion; Pars spinalis: Spina scapulae";Pars clavicularis: Schlüsselbein · Pars acromialis: Acromion des Schulterblatts · Pars spinalis: Schulterblatt (Spina scapulae);;https://de.wikipedia.org/wiki/Musculus_deltoideus
M. deltoideus;Obere Extremität;Schultergürtel;Ansatz;gleich (andere Worte);Tuberositas deltoidea humeri;Oberarmknochen (Tuberositas deltoidea humeri);;https://de.wikipedia.org/wiki/Musculus_deltoideus
M. deltoideus;Obere Extremität;Schultergürtel;Funktion;Freitext — nur lesen;"Vor allem Abduktion; je nach Faserzug zusätzlich Flexion, Extension sowie Innen- oder Außenrotation";Anheben des Oberarms;;https://de.wikipedia.org/wiki/Musculus_deltoideus
M. deltoideus;Obere Extremität;Schultergürtel;Innervation;teils gleich;N. axillaris;Nervus axillaris des Plexus brachialis;;https://de.wikipedia.org/wiki/Musculus_deltoideus
M. deltoideus;Obere Extremität;Schultergürtel;Segmente;gleich;C5, C6;C5, C6;;https://de.wikipedia.org/wiki/Musculus_deltoideus
M. digastricus;Kopf & Hals;Suprahyoidale Muskeln;Ursprung;teils gleich;"Venter anterior: Fossa digastrica (Innenseite der Mandibula); Venter posterior: Incisura mastoidea (Os temporale)";Venter posterior: Incisura mastoidea des Schläfenbeins - Venter anterior: Fossa digastrica des Unterkiefers;;https://de.wikipedia.org/wiki/Musculus_digastricus
M. digastricus;Kopf & Hals;Suprahyoidale Muskeln;Ansatz;teils gleich;Corpus ossis hyoidei (über Zwischensehne);Zwischensehne (Os hyoideum);;https://de.wikipedia.org/wiki/Musculus_digastricus
M. digastricus;Kopf & Hals;Suprahyoidale Muskeln;Funktion;Freitext — nur lesen;"Der M. digastricus wirkt mit seinen zwei Bäuchen in entgegengesetzten Situationen: Bei fixiertem Zungenbein öffnet er den Mund; bei fixierter Mandibula hebt er das Zungenbein an, was für den oralen und pharyngealen Schluckakt unerlässlich ist.";Öffner der Mundspalte;;https://de.wikipedia.org/wiki/Musculus_digastricus
M. digastricus;Kopf & Hals;Suprahyoidale Muskeln;Innervation;abweichend;N. mylohyoideus (Vorderbauch, V3) / N. facialis (Hinterbauch, VII);Nervus mylohyoideus (Venter anterior) · Ramus digastricus des Nervus facialis (Venter posterior);;https://de.wikipedia.org/wiki/Musculus_digastricus
M. digastricus;Kopf & Hals;Suprahyoidale Muskeln;Segmente;beide leer;;;;https://de.wikipedia.org/wiki/Musculus_digastricus
M. extensor carpi radialis brevis;Obere Extremität;Hand & Finger;Ursprung;teils gleich;Epicondylus lateralis humeri, Lig. collaterale radiale, Lig. anulare radii;Epicondylus lateralis des Oberarmknochens;;https://de.wikipedia.org/wiki/Musculus_extensor_carpi_radialis_brevis
M. extensor carpi radialis brevis;Obere Extremität;Hand & Finger;Ansatz;teils gleich;Basis Os metacarpale III;Os metacarpale III;;https://de.wikipedia.org/wiki/Musculus_extensor_carpi_radialis_brevis
M. extensor carpi radialis brevis;Obere Extremität;Hand & Finger;Funktion;Freitext — nur lesen;Dorsalextension und Radialabduktion im Handgelenk;Strecker des Handgelenks;;https://de.wikipedia.org/wiki/Musculus_extensor_carpi_radialis_brevis
M. extensor carpi radialis brevis;Obere Extremität;Hand & Finger;Innervation;teils gleich;N. radialis;Nervus radialis des Plexus brachialis;;https://de.wikipedia.org/wiki/Musculus_extensor_carpi_radialis_brevis
M. extensor carpi radialis brevis;Obere Extremität;Hand & Finger;Segmente;abweichend;C6, C7;C5–C7;nur Wikipedia: C5;https://de.wikipedia.org/wiki/Musculus_extensor_carpi_radialis_brevis
M. extensor carpi radialis longus;Obere Extremität;Hand & Finger;Ursprung;abweichend;Margo lateralis humeri;Oberarmknochen (Crista supracondylaris lateralis);;https://de.wikipedia.org/wiki/Musculus_extensor_carpi_radialis_longus
M. extensor carpi radialis longus;Obere Extremität;Hand & Finger;Ansatz;gleich (andere Worte);Basis Os metacarpale II;Basis des Os metacarpale II;;https://de.wikipedia.org/wiki/Musculus_extensor_carpi_radialis_longus
M. extensor carpi radialis longus;Obere Extremität;Hand & Finger;Funktion;Freitext — nur lesen;Dorsalextension und Radialabduktion im Handgelenk;Strecker des Handgelenks;;https://de.wikipedia.org/wiki/Musculus_extensor_carpi_radialis_longus
M. extensor carpi radialis longus;Obere Extremität;Hand & Finger;Innervation;teils gleich;N. radialis;Nervus radialis des Plexus brachialis;;https://de.wikipedia.org/wiki/Musculus_extensor_carpi_radialis_longus
M. extensor carpi radialis longus;Obere Extremität;Hand & Finger;Segmente;gleich;C6, C7;C6, C7;;https://de.wikipedia.org/wiki/Musculus_extensor_carpi_radialis_longus
M. extensor carpi ulnaris;Obere Extremität;Hand & Finger;Ursprung;teils gleich;Epicondylus lateralis humeri, Lig. collaterale radiale, Margo posterior ulnae;Caput humerale: Humerus (Epicondylus lateralis) · Caput ulnare: Ulna (Olecranon);;https://de.wikipedia.org/wiki/Musculus_extensor_carpi_ulnaris
M. extensor carpi ulnaris;Obere Extremität;Hand & Finger;Ansatz;gleich (andere Worte);Basis Os metacarpale V;Basis des Os metacarpale V;;https://de.wikipedia.org/wiki/Musculus_extensor_carpi_ulnaris
M. extensor carpi ulnaris;Obere Extremität;Hand & Finger;Funktion;Freitext — nur lesen;Dorsalextension und Ulnarabduktion im Handgelenk;Streckung und Abduktion des Handgelenks;;https://de.wikipedia.org/wiki/Musculus_extensor_carpi_ulnaris
M. extensor carpi ulnaris;Obere Extremität;Hand & Finger;Innervation;teils gleich;N. radialis;Nervus radialis des Plexus brachialis;;https://de.wikipedia.org/wiki/Musculus_extensor_carpi_ulnaris
M. extensor carpi ulnaris;Obere Extremität;Hand & Finger;Segmente;abweichend;C6, C7, C8;C7, C8;nur bei mir: C6;https://de.wikipedia.org/wiki/Musculus_extensor_carpi_ulnaris
M. extensor digiti minimi;Obere Extremität;Hand & Finger;Ursprung;abweichend;Epicondylus lateralis humeri;Gemeinsame Sehne der Extensoren und Membrana interossea;;https://de.wikipedia.org/wiki/Musculus_extensor_digiti_minimi
M. extensor digiti minimi;Obere Extremität;Hand & Finger;Ansatz;teils gleich;Dorsalaponeurose des kleinen Fingers;Dorsalseite (Rücken) des kleinen Fingers;;https://de.wikipedia.org/wiki/Musculus_extensor_digiti_minimi
M. extensor digiti minimi;Obere Extremität;Hand & Finger;Funktion;Freitext — nur lesen;"Streckt den kleinen Finger; unterstützt die Dorsalextension im Handgelenk";Strecker des kleinen Fingers;;https://de.wikipedia.org/wiki/Musculus_extensor_digiti_minimi
M. extensor digiti minimi;Obere Extremität;Hand & Finger;Innervation;teils gleich;N. radialis;Nervus radialis des Plexus brachialis;;https://de.wikipedia.org/wiki/Musculus_extensor_digiti_minimi
M. extensor digiti minimi;Obere Extremität;Hand & Finger;Segmente;abweichend;C6, C7, C8;C7, C8;nur bei mir: C6;https://de.wikipedia.org/wiki/Musculus_extensor_digiti_minimi
M. extensor digitorum;Obere Extremität;Hand & Finger;Ursprung;teils gleich;Epicondylus lateralis humeri, Lig. collaterale radiale, Lig. anulare radii;Oberarmknochen (Epicondylus lateralis humeri);;https://de.wikipedia.org/wiki/Musculus_extensor_digitorum
M. extensor digitorum;Obere Extremität;Hand & Finger;Ansatz;abweichend;Dorsalaponeurosen des II.–V. Fingers, Basen der Grundphalangen II–V;Dorsalseite der Glieder der Finger 2–5;;https://de.wikipedia.org/wiki/Musculus_extensor_digitorum
M. extensor digitorum;Obere Extremität;Hand & Finger;Funktion;Freitext — nur lesen;"Dorsalextension im Handgelenk; Streckung der Finger II-V";Strecker der Hand und der Finger;;https://de.wikipedia.org/wiki/Musculus_extensor_digitorum
M. extensor digitorum;Obere Extremität;Hand & Finger;Innervation;teils gleich;N. radialis;Nervus radialis aus dem Plexus brachialis;;https://de.wikipedia.org/wiki/Musculus_extensor_digitorum
M. extensor digitorum;Obere Extremität;Hand & Finger;Segmente;abweichend;C6, C7, C8;C7, C8;nur bei mir: C6;https://de.wikipedia.org/wiki/Musculus_extensor_digitorum
M. extensor digitorum brevis;Untere Extremität;Fuß & Sprunggelenk;Ursprung;abweichend;Kalkaneus (dorsolateral) und Retinaculum extensorum inferius;Calcaneus;;https://de.wikipedia.org/wiki/Musculus_extensor_digitorum_brevis
M. extensor digitorum brevis;Untere Extremität;Fuß & Sprunggelenk;Ansatz;abweichend;Zeh II–IV, Dorsalaponeurosen;Sehnen des Musculus extensor digitorum longus;;https://de.wikipedia.org/wiki/Musculus_extensor_digitorum_brevis
M. extensor digitorum brevis;Untere Extremität;Fuß & Sprunggelenk;Funktion;Freitext — nur lesen;"Streckt die Zehen II–IV in MTP- und IP-Gelenken; unterstützt den langen Zehenstrecker bei der Fußhebung";Streckung der 2. bis 4. Zehe;;https://de.wikipedia.org/wiki/Musculus_extensor_digitorum_brevis
M. extensor digitorum brevis;Untere Extremität;Fuß & Sprunggelenk;Innervation;teils gleich;N. peroneus profundus;Nervus fibularis profundus;;https://de.wikipedia.org/wiki/Musculus_extensor_digitorum_brevis
M. extensor digitorum brevis;Untere Extremität;Fuß & Sprunggelenk;Segmente;nur Wikipedia;;L5, S1;;https://de.wikipedia.org/wiki/Musculus_extensor_digitorum_brevis
M. extensor digitorum longus;Untere Extremität;Fuß & Sprunggelenk;Ursprung;abweichend;Condylus lateralis tibiae, Facies medialis fibulae und Membrana interossea;Schienbein, Wadenbein, Membrana interossea;;https://de.wikipedia.org/wiki/Musculus_extensor_digitorum_longus
M. extensor digitorum longus;Untere Extremität;Fuß & Sprunggelenk;Ansatz;abweichend;"Dorsalaponeurose der Zehen II–V; Os metatarsale V (dorsal)";Basis der mittleren und vordersten Glieder der 2.–5. Zehe;;https://de.wikipedia.org/wiki/Musculus_extensor_digitorum_longus
M. extensor digitorum longus;Untere Extremität;Fuß & Sprunggelenk;Funktion;Freitext — nur lesen;"Dorsalextendiert den Fuß und proniert; streckt die Zehen II–V in den MTP- und IP-Gelenken; unterstützt das Anheben der Zehenspitzen beim Gehen";Dorsalextension der Zehen (Zehengrundgelenk und Interphalangialgelenke) und des Fußes (oberes Sprunggelenk), Pronation im unteren Sprunggelenk;;https://de.wikipedia.org/wiki/Musculus_extensor_digitorum_longus
M. extensor digitorum longus;Untere Extremität;Fuß & Sprunggelenk;Innervation;gleich (andere Worte);N. peroneus profundus;Nervus peronaeus profundus;;https://de.wikipedia.org/wiki/Musculus_extensor_digitorum_longus
M. extensor digitorum longus;Untere Extremität;Fuß & Sprunggelenk;Segmente;nur Wikipedia;;L5, S1;;https://de.wikipedia.org/wiki/Musculus_extensor_digitorum_longus
M. extensor hallucis brevis;Untere Extremität;Fuß & Sprunggelenk;Ursprung;abweichend;Dorsalfläche des Kalkaneus (zusammen mit M. extensor digitorum brevis);Dorsalfläche des Fersenbeines;;https://de.wikipedia.org/wiki/Musculus_extensor_hallucis_brevis
M. extensor hallucis brevis;Untere Extremität;Fuß & Sprunggelenk;Ansatz;abweichend;Zeh I, proximale Phalanx;Kopf des Grundgliedes der Großzehe;;https://de.wikipedia.org/wiki/Musculus_extensor_hallucis_brevis
M. extensor hallucis brevis;Untere Extremität;Fuß & Sprunggelenk;Funktion;Freitext — nur lesen;Streckt die Großzehe im Grundgelenk und unterstützt die lange Strecksehne;Streckung der Großzehe;;https://de.wikipedia.org/wiki/Musculus_extensor_hallucis_brevis
M. extensor hallucis brevis;Untere Extremität;Fuß & Sprunggelenk;Innervation;gleich;N. peroneus profundus;Nervus peroneus profundus;;https://de.wikipedia.org/wiki/Musculus_extensor_hallucis_brevis
M. extensor hallucis brevis;Untere Extremität;Fuß & Sprunggelenk;Segmente;nur Wikipedia;;L5, S1;;https://de.wikipedia.org/wiki/Musculus_extensor_hallucis_brevis
M. extensor hallucis longus;Untere Extremität;Fuß & Sprunggelenk;Ursprung;teils gleich;Facies medialis fibulae (Mitte) und Membrana interossea;Facies medialis des Wadenbeins, Membrana interossea cruris;;https://de.wikipedia.org/wiki/Musculus_extensor_hallucis_longus
M. extensor hallucis longus;Untere Extremität;Fuß & Sprunggelenk;Ansatz;abweichend;Zeh I, dorsale distale Phalanx (Basis);Endphalanx der großen Zehe;;https://de.wikipedia.org/wiki/Musculus_extensor_hallucis_longus
M. extensor hallucis longus;Untere Extremität;Fuß & Sprunggelenk;Funktion;Freitext — nur lesen;"Dorsalextendiert den Fuß; streckt die Großzehe in MTP- und IP-Gelenk; hebt das mediale Gewölbe bei der Fußhebung";Dorsalextension der großen Zehe;;https://de.wikipedia.org/wiki/Musculus_extensor_hallucis_longus
M. extensor hallucis longus;Untere Extremität;Fuß & Sprunggelenk;Innervation;gleich (andere Worte);N. peroneus profundus;Nervus peronaeus profundus;;https://de.wikipedia.org/wiki/Musculus_extensor_hallucis_longus
M. extensor hallucis longus;Untere Extremität;Fuß & Sprunggelenk;Segmente;nur Wikipedia;;L5, S1;;https://de.wikipedia.org/wiki/Musculus_extensor_hallucis_longus
M. extensor indicis;Obere Extremität;Hand & Finger;Ursprung;teils gleich;Distaler Teil der Facies posterior ulnae und Membrana interossea;Hinterfläche der Ulna, Membrana interossea;;https://de.wikipedia.org/wiki/Musculus_extensor_indicis
M. extensor indicis;Obere Extremität;Hand & Finger;Ansatz;teils gleich;Dorsalaponeurose des Zeigefingers;Glieder des Zeigefingers;;https://de.wikipedia.org/wiki/Musculus_extensor_indicis
M. extensor indicis;Obere Extremität;Hand & Finger;Funktion;Freitext — nur lesen;"Streckt den Zeigefinger; unterstützt die Dorsalextension im Handgelenk";Strecker des Zeigefingers;;https://de.wikipedia.org/wiki/Musculus_extensor_indicis
M. extensor indicis;Obere Extremität;Hand & Finger;Innervation;teils gleich;N. radialis;Nervus radialis aus dem Plexus brachialis;;https://de.wikipedia.org/wiki/Musculus_extensor_indicis
M. extensor indicis;Obere Extremität;Hand & Finger;Segmente;gleich;C6, C7, C8;C6–C8;;https://de.wikipedia.org/wiki/Musculus_extensor_indicis
M. extensor pollicis brevis;Obere Extremität;Hand & Finger;Ursprung;teils gleich;Facies posterior des Radius und Membrana interossea;Hinterfläche des Radius, Membrana interossea;;https://de.wikipedia.org/wiki/Musculus_extensor_pollicis_brevis
M. extensor pollicis brevis;Obere Extremität;Hand & Finger;Ansatz;teils gleich;Basis der Grundphalanx des Daumens;Grundglied des Daumens;;https://de.wikipedia.org/wiki/Musculus_extensor_pollicis_brevis
M. extensor pollicis brevis;Obere Extremität;Hand & Finger;Funktion;Freitext — nur lesen;"Streckt den Daumen vor allem im Grundgelenk; unterstützt die Extension im Sattelgelenk";Daumenstrecker;;https://de.wikipedia.org/wiki/Musculus_extensor_pollicis_brevis
M. extensor pollicis brevis;Obere Extremität;Hand & Finger;Innervation;teils gleich;N. radialis;Nervus radialis aus dem Plexus brachialis;;https://de.wikipedia.org/wiki/Musculus_extensor_pollicis_brevis
M. extensor pollicis brevis;Obere Extremität;Hand & Finger;Segmente;gleich;C6, C7, C8;C6–C8;;https://de.wikipedia.org/wiki/Musculus_extensor_pollicis_brevis
M. extensor pollicis longus;Obere Extremität;Hand & Finger;Ursprung;teils gleich;Facies posterior ulnae und Membrana interossea;Hinterseite der Ulna, Membrana interossea;;https://de.wikipedia.org/wiki/Musculus_extensor_pollicis_longus
M. extensor pollicis longus;Obere Extremität;Hand & Finger;Ansatz;teils gleich;Basis der Endphalanx des Daumens;Endglied des Daumens;;https://de.wikipedia.org/wiki/Musculus_extensor_pollicis_longus
M. extensor pollicis longus;Obere Extremität;Hand & Finger;Funktion;Freitext — nur lesen;"Streckt den Daumen bis ins Endgelenk; unterstützt die Dorsalextension im Handgelenk";Strecker des Daumens;;https://de.wikipedia.org/wiki/Musculus_extensor_pollicis_longus
M. extensor pollicis longus;Obere Extremität;Hand & Finger;Innervation;teils gleich;N. radialis;Nervus radialis aus dem Plexus brachialis;;https://de.wikipedia.org/wiki/Musculus_extensor_pollicis_longus
M. extensor pollicis longus;Obere Extremität;Hand & Finger;Segmente;abweichend;C6, C7, C8;C7, C8;nur bei mir: C6;https://de.wikipedia.org/wiki/Musculus_extensor_pollicis_longus
M. fibularis brevis (M. peroneus brevis);Untere Extremität;Fuß & Sprunggelenk;Ursprung;abweichend;Facies lateralis fibulae (distal);Untere, äußere Fläche des Wadenbeins;;https://de.wikipedia.org/wiki/Musculus_fibularis_brevis
M. fibularis brevis (M. peroneus brevis);Untere Extremität;Fuß & Sprunggelenk;Ansatz;teils gleich;Os metatarsale V (Tuberositas);Os metatarsale V (5. Mittelfußknochen);;https://de.wikipedia.org/wiki/Musculus_fibularis_brevis
M. fibularis brevis (M. peroneus brevis);Untere Extremität;Fuß & Sprunggelenk;Funktion;Freitext — nur lesen;"Plantarflektiert und proniert den Fuß; wichtig für die seitliche Fußstabilisierung";Plantarflexion und Pronation des Sprunggelenks;;https://de.wikipedia.org/wiki/Musculus_fibularis_brevis
M. fibularis brevis (M. peroneus brevis);Untere Extremität;Fuß & Sprunggelenk;Innervation;teils gleich;N. peroneus superficialis;Nervus fibularis superficialis;;https://de.wikipedia.org/wiki/Musculus_fibularis_brevis
M. fibularis brevis (M. peroneus brevis);Untere Extremität;Fuß & Sprunggelenk;Segmente;nur Wikipedia;;L5, S1;;https://de.wikipedia.org/wiki/Musculus_fibularis_brevis
M. fibularis longus (M. peroneus longus);Untere Extremität;Fuß & Sprunggelenk;Ursprung;abweichend;Condylus lateralis tibiae, Caput fibulae und Facies lateralis fibulae (proximal);Kopf und äußere Fläche des Wadenbeins;;https://de.wikipedia.org/wiki/Musculus_fibularis_longus
M. fibularis longus (M. peroneus longus);Untere Extremität;Fuß & Sprunggelenk;Ansatz;teils gleich;Os cuneiforme I und Os metatarsale I (Tuberositas, plantar);Os cuneiforme mediale, Os metatarsale I (1. Mittelfußknochen);;https://de.wikipedia.org/wiki/Musculus_fibularis_longus
M. fibularis longus (M. peroneus longus);Untere Extremität;Fuß & Sprunggelenk;Funktion;Freitext — nur lesen;"Plantarflektiert und proniert den Fuß; verspannt das Quergewölbe durch seinen diagonalen Verlauf auf der Fußsohle";Plantarflexion und Pronation des Fußes;;https://de.wikipedia.org/wiki/Musculus_fibularis_longus
M. fibularis longus (M. peroneus longus);Untere Extremität;Fuß & Sprunggelenk;Innervation;teils gleich;N. peroneus superficialis;Nervus fibularis superficialis;;https://de.wikipedia.org/wiki/Musculus_fibularis_longus
M. fibularis longus (M. peroneus longus);Untere Extremität;Fuß & Sprunggelenk;Segmente;nur Wikipedia;;L5, S1;;https://de.wikipedia.org/wiki/Musculus_fibularis_longus
M. flexor carpi radialis;Obere Extremität;Hand & Finger;Ursprung;gleich (andere Worte);Epicondylus medialis humeri;Humerus (Epicondylus medialis humeri);;https://de.wikipedia.org/wiki/Musculus_flexor_carpi_radialis
M. flexor carpi radialis;Obere Extremität;Hand & Finger;Ansatz;teils gleich;Basis Os metacarpale II (manchmal auch III);Basis der 2. und (seltener) 3. Ossa metacarpalia;;https://de.wikipedia.org/wiki/Musculus_flexor_carpi_radialis
M. flexor carpi radialis;Obere Extremität;Hand & Finger;Funktion;Freitext — nur lesen;Palmarflexion und Radialabduktion im Handgelenk;Beuger des Handgelenks;;https://de.wikipedia.org/wiki/Musculus_flexor_carpi_radialis
M. flexor carpi radialis;Obere Extremität;Hand & Finger;Innervation;teils gleich;N. medianus;Nervus medianus aus dem Plexus brachialis;;https://de.wikipedia.org/wiki/Musculus_flexor_carpi_radialis
M. flexor carpi radialis;Obere Extremität;Hand & Finger;Segmente;gleich;C6, C7, C8;C6–C8;;https://de.wikipedia.org/wiki/Musculus_flexor_carpi_radialis
M. flexor carpi ulnaris;Obere Extremität;Hand & Finger;Ursprung;teils gleich;Epicondylus medialis humeri, medialer Olekranon und Margo posterior ulnae;Caput humerale: Humerus (Epicondylus medialis) · Caput ulnare: Hinterfläche der Ulna;;https://de.wikipedia.org/wiki/Musculus_flexor_carpi_ulnaris
M. flexor carpi ulnaris;Obere Extremität;Hand & Finger;Ansatz;teils gleich;Os pisiforme, Hamulus ossis hamati, Basis Os metacarpale V;Os pisiforme, Os hamatum, Os metacarpale V;;https://de.wikipedia.org/wiki/Musculus_flexor_carpi_ulnaris
M. flexor carpi ulnaris;Obere Extremität;Hand & Finger;Funktion;Freitext — nur lesen;Palmarflexion und Ulnarabduktion im Handgelenk;Beugung Handgelenk, Ulnarabduktion;;https://de.wikipedia.org/wiki/Musculus_flexor_carpi_ulnaris
M. flexor carpi ulnaris;Obere Extremität;Hand & Finger;Innervation;teils gleich;N. ulnaris;Nervus ulnaris aus dem Plexus brachialis;;https://de.wikipedia.org/wiki/Musculus_flexor_carpi_ulnaris
M. flexor carpi ulnaris;Obere Extremität;Hand & Finger;Segmente;abweichend;C7, C8, Th1;C8, Th1;nur bei mir: C7;https://de.wikipedia.org/wiki/Musculus_flexor_carpi_ulnaris
M. flexor digiti minimi brevis;Obere Extremität;Hand & Finger;Ursprung;gleich (andere Worte);Hamulus ossis hamati und Retinaculum flexorum;Retinaculum flexorum und Os hamatum;;https://de.wikipedia.org/wiki/Musculus_flexor_digiti_minimi_brevis_(Hand)
M. flexor digiti minimi brevis;Obere Extremität;Hand & Finger;Ansatz;abweichend;Basis der Grundphalanx des V. Fingers, ulnares Sesambein;proximale Phalanx des kleinen Fingers;;https://de.wikipedia.org/wiki/Musculus_flexor_digiti_minimi_brevis_(Hand)
M. flexor digiti minimi brevis;Obere Extremität;Hand & Finger;Funktion;Freitext — nur lesen;Flexion im MCP-Gelenk des kleinen Fingers;beugt das erste Glied des kleinen Fingers;;https://de.wikipedia.org/wiki/Musculus_flexor_digiti_minimi_brevis_(Hand)
M. flexor digiti minimi brevis;Obere Extremität;Hand & Finger;Innervation;teils gleich;N. ulnaris;Nervus ulnaris aus dem Plexus brachialis;;https://de.wikipedia.org/wiki/Musculus_flexor_digiti_minimi_brevis_(Hand)
M. flexor digiti minimi brevis;Obere Extremität;Hand & Finger;Segmente;gleich;C8, Th1;C8–Th1;;https://de.wikipedia.org/wiki/Musculus_flexor_digiti_minimi_brevis_(Hand)
M. flexor digiti minimi brevis;Untere Extremität;Fuß & Sprunggelenk;Ursprung;teils gleich;Os metatarsale V (Basis) und Lig. plantare longum;Ligamentum plantare longum, Os metatarsale V, Sehnenscheide des Musculus peronaeus longus;;https://de.wikipedia.org/wiki/Musculus_flexor_digiti_minimi_brevis_(Fu%C3%9F)
M. flexor digiti minimi brevis;Untere Extremität;Fuß & Sprunggelenk;Ansatz;abweichend;Zeh V, Basis der proximalen Phalanx (plantar);Basis des Grundgliedes der Kleinzehe;;https://de.wikipedia.org/wiki/Musculus_flexor_digiti_minimi_brevis_(Fu%C3%9F)
M. flexor digiti minimi brevis;Untere Extremität;Fuß & Sprunggelenk;Funktion;Freitext — nur lesen;"Beugt die Kleinzehe im MTP-Gelenk V; unterstützt die Stabilisierung des lateralen Fußrandes";Flexion und Abduktion Kleinzehe;;https://de.wikipedia.org/wiki/Musculus_flexor_digiti_minimi_brevis_(Fu%C3%9F)
M. flexor digiti minimi brevis;Untere Extremität;Fuß & Sprunggelenk;Innervation;gleich (andere Worte);N. tibialis (N. plantaris lateralis);Nervus plantaris lateralis;;https://de.wikipedia.org/wiki/Musculus_flexor_digiti_minimi_brevis_(Fu%C3%9F)
M. flexor digiti minimi brevis;Untere Extremität;Fuß & Sprunggelenk;Segmente;nur Wikipedia;;S2, S3;;https://de.wikipedia.org/wiki/Musculus_flexor_digiti_minimi_brevis_(Fu%C3%9F)
M. flexor digitorum brevis;Untere Extremität;Fuß & Sprunggelenk;Ursprung;abweichend;Kalkaneus (Proc. medialis am Tuber) und Aponeurosis plantaris;Plantarfläche (Unterseite) des Fersenbeinhöckers (Tuber calcanei), Plantaraponeurose;;https://de.wikipedia.org/wiki/Musculus_flexor_digitorum_brevis
M. flexor digitorum brevis;Untere Extremität;Fuß & Sprunggelenk;Ansatz;abweichend;Zehen II–V, plantare mittlere Phalangen;Basis der Mittelglieder der 2. bis 5. Zehe;;https://de.wikipedia.org/wiki/Musculus_flexor_digitorum_brevis
M. flexor digitorum brevis;Untere Extremität;Fuß & Sprunggelenk;Funktion;Freitext — nur lesen;"Beugt die Zehen II–V in MTP- und proximalen IP-Gelenken; unterstützt das Greifen und Abrollen des Fußes beim Gehen";Beugung der 2. bis 5. Zehe im Mittel- und Grundgelenk, verspannt das Längsgewölbe des Fußes;;https://de.wikipedia.org/wiki/Musculus_flexor_digitorum_brevis
M. flexor digitorum brevis;Untere Extremität;Fuß & Sprunggelenk;Innervation;gleich (andere Worte);N. tibialis (N. plantaris medialis);Nervus plantaris medialis;;https://de.wikipedia.org/wiki/Musculus_flexor_digitorum_brevis
M. flexor digitorum brevis;Untere Extremität;Fuß & Sprunggelenk;Segmente;nur Wikipedia;;L5, S1;;https://de.wikipedia.org/wiki/Musculus_flexor_digitorum_brevis
M. flexor digitorum longus;Untere Extremität;Fuß & Sprunggelenk;Ursprung;abweichend;Facies posterior tibiae (Mitte);Hinterfläche der Tibia;;https://de.wikipedia.org/wiki/Musculus_flexor_digitorum_longus
M. flexor digitorum longus;Untere Extremität;Fuß & Sprunggelenk;Ansatz;teils gleich;Zehen II–V, distale Phalanx (Basis);Basis der Endglieder der 2. – 5. Zehe · Endglieder aller Stützzehen (Tiere);;https://de.wikipedia.org/wiki/Musculus_flexor_digitorum_longus
M. flexor digitorum longus;Untere Extremität;Fuß & Sprunggelenk;Funktion;Freitext — nur lesen;"Plantarflektiert den Fuß und supiniert; beugt die Zehen II–V in MTP-, PIP- und DIP-Gelenken; beim Gehen unterstützt er das Abstoßen und das Greifen der Zehenspitzen";Beugung der äußeren vier Zehen, Plantarflexion (Streckung) des Sprunggelenks;;https://de.wikipedia.org/wiki/Musculus_flexor_digitorum_longus
M. flexor digitorum longus;Untere Extremität;Fuß & Sprunggelenk;Innervation;teils gleich;N. tibialis;Nervus tibialis (Ast des Nervus ischiadicus);;https://de.wikipedia.org/wiki/Musculus_flexor_digitorum_longus
M. flexor digitorum longus;Untere Extremität;Fuß & Sprunggelenk;Segmente;nur Wikipedia;;L5-S2;;https://de.wikipedia.org/wiki/Musculus_flexor_digitorum_longus
M. flexor digitorum profundus;Obere Extremität;Hand & Finger;Ursprung;teils gleich;Facies anterior und medialis ulnae und Membrana interossea;Vorderfläche der Ulna, Membrana interossea, bei Tieren auch an Radius und Humerus;;https://de.wikipedia.org/wiki/Musculus_flexor_digitorum_profundus
M. flexor digitorum profundus;Obere Extremität;Hand & Finger;Ansatz;abweichend;Basis der distalen Fingerphalangen II–V;Basis der Endglieder des 2.–5. Fingers;;https://de.wikipedia.org/wiki/Musculus_flexor_digitorum_profundus
M. flexor digitorum profundus;Obere Extremität;Hand & Finger;Funktion;Freitext — nur lesen;"Palmarflexion im Handgelenk; Flexion der Finger II-V bis in die Endgelenke";Beugen der Endglieder des 2.–5. Fingers und Beugung des Handgelenks;;https://de.wikipedia.org/wiki/Musculus_flexor_digitorum_profundus
M. flexor digitorum profundus;Obere Extremität;Hand & Finger;Innervation;gleich (andere Worte);N. medianus (II, III), N. ulnaris (IV, V);Nervus medianus und Nervus ulnaris;;https://de.wikipedia.org/wiki/Musculus_flexor_digitorum_profundus
M. flexor digitorum profundus;Obere Extremität;Hand & Finger;Segmente;gleich;C7, C8, Th1;C7–Th1;;https://de.wikipedia.org/wiki/Musculus_flexor_digitorum_profundus
M. flexor digitorum superficialis;Obere Extremität;Hand & Finger;Ursprung;teils gleich;Epicondylus medialis humeri, Facies medialis ulnae, proximaler Margo anterior radii;Caput humeroulnare: Humerus (Epicondylus medialis) und Ulna (Proc. coronoideus ulnae) · Caput radiale: Vorderfläche (Facies anterior) des Radius;;https://de.wikipedia.org/wiki/Musculus_flexor_digitorum_superficialis
M. flexor digitorum superficialis;Obere Extremität;Hand & Finger;Ansatz;abweichend;Mittelphalangen des II.–V. Fingers;Basis der mittleren Glieder des 2.–5. Fingers;;https://de.wikipedia.org/wiki/Musculus_flexor_digitorum_superficialis
M. flexor digitorum superficialis;Obere Extremität;Hand & Finger;Funktion;Freitext — nur lesen;"Palmarflexion im Handgelenk; Flexion in MCP- und PIP-Gelenken der Finger II-V";Beugen der ersten beiden Gelenke des 2. – 5. Fingers sowie des Handgelenks;;https://de.wikipedia.org/wiki/Musculus_flexor_digitorum_superficialis
M. flexor digitorum superficialis;Obere Extremität;Hand & Finger;Innervation;teils gleich;N. medianus;Nervus medianus aus dem Plexus brachialis;;https://de.wikipedia.org/wiki/Musculus_flexor_digitorum_superficialis
M. flexor digitorum superficialis;Obere Extremität;Hand & Finger;Segmente;abweichend;C7, C8, Th1;C7, C8;nur bei mir: Th1;https://de.wikipedia.org/wiki/Musculus_flexor_digitorum_superficialis
M. flexor hallucis brevis;Untere Extremität;Fuß & Sprunggelenk;Ursprung;teils gleich;Ossa cuneiformia II et III und Os cuboideum;v. a. Os cuneiforme intermedium;;https://de.wikipedia.org/wiki/Musculus_flexor_hallucis_brevis
M. flexor hallucis brevis;Untere Extremität;Fuß & Sprunggelenk;Ansatz;teils gleich;"Mediale und laterale Basis der proximalen Phalanx des I. Zehs; Mediales und laterales Sesambein";Grundglied der großen Zehe (beide Köpfe) und mediales Sesambein (für den medialen Kopf) bzw. laterales Sesambein (für den lateralen Kopf) der Großzehe;;https://de.wikipedia.org/wiki/Musculus_flexor_hallucis_brevis
M. flexor hallucis brevis;Untere Extremität;Fuß & Sprunggelenk;Funktion;Freitext — nur lesen;"Beugt die Großzehe im MTP-Gelenk; unterstützt Abduktion und Adduktion; hält die Sesambeine in ihrer Gleitrinne unter dem ersten Metatarsalkopf";Beugung (Plantarflexion) der Großzehe;;https://de.wikipedia.org/wiki/Musculus_flexor_hallucis_brevis
M. flexor hallucis brevis;Untere Extremität;Fuß & Sprunggelenk;Innervation;gleich (andere Worte);N. tibialis (N. plantaris medialis und lateralis);Äste des Nervus tibialis: N. plantaris medialis (für den medialen Kopf) und N. plantaris lateralis (für den lateralen Kopf);;https://de.wikipedia.org/wiki/Musculus_flexor_hallucis_brevis
M. flexor hallucis brevis;Untere Extremität;Fuß & Sprunggelenk;Segmente;nur Wikipedia;;S1, S2;;https://de.wikipedia.org/wiki/Musculus_flexor_hallucis_brevis
M. flexor hallucis longus;Untere Extremität;Fuß & Sprunggelenk;Ursprung;abweichend;Facies posterior fibulae (distal);Hinterfläche in den unteren 2/3 des Wadenbeins, Membrana interossea;;https://de.wikipedia.org/wiki/Musculus_flexor_hallucis_longus
M. flexor hallucis longus;Untere Extremität;Fuß & Sprunggelenk;Ansatz;abweichend;Zeh I, plantare distale Phalanx (Basis);Endglied der großen Zehe · Tiere: Endglied der Stützzehen;;https://de.wikipedia.org/wiki/Musculus_flexor_hallucis_longus
M. flexor hallucis longus;Untere Extremität;Fuß & Sprunggelenk;Funktion;Freitext — nur lesen;"Plantarflektiert den Fuß und supiniert; beugt die Großzehe in MTP- und IP-Gelenk; wichtig beim Abstoßen in der Gangabwicklung";Beuger der Großzehe (lat. Hallux);;https://de.wikipedia.org/wiki/Musculus_flexor_hallucis_longus
M. flexor hallucis longus;Untere Extremität;Fuß & Sprunggelenk;Innervation;teils gleich;N. tibialis;Nervus tibialis (Ast des Nervus ischiadicus);;https://de.wikipedia.org/wiki/Musculus_flexor_hallucis_longus
M. flexor hallucis longus;Untere Extremität;Fuß & Sprunggelenk;Segmente;nur Wikipedia;;L5–S2;;https://de.wikipedia.org/wiki/Musculus_flexor_hallucis_longus
M. flexor pollicis brevis;Obere Extremität;Hand & Finger;Ursprung;teils gleich;"Caput superficiale: Tuberculum ossis trapezii und Retinaculum flexorum; Caput profundum: Os trapezoideum, Os capitatum, Ligg. metacarpalia palmaria";Caput superficiale: Retinaculum flexorum, Caput profundum: Os trapezium, Os capitatum, Basis des Metacarpale I;;https://de.wikipedia.org/wiki/Musculus_flexor_pollicis_brevis
M. flexor pollicis brevis;Obere Extremität;Hand & Finger;Ansatz;teils gleich;Basis der Daumengrundphalanx, radiales Sesambein;Basis der Phalanx proximalis des Daumens via radiales Sesambein;;https://de.wikipedia.org/wiki/Musculus_flexor_pollicis_brevis
M. flexor pollicis brevis;Obere Extremität;Hand & Finger;Funktion;Freitext — nur lesen;Beugt den Daumen und hilft bei Gegenüberstellung und Heranführung;Beuger des Daumens;;https://de.wikipedia.org/wiki/Musculus_flexor_pollicis_brevis
M. flexor pollicis brevis;Obere Extremität;Hand & Finger;Innervation;teils gleich;N. medianus, N. ulnaris;Nervus medianus, medialer Kopf auch vom Nervus ulnaris;;https://de.wikipedia.org/wiki/Musculus_flexor_pollicis_brevis
M. flexor pollicis brevis;Obere Extremität;Hand & Finger;Segmente;abweichend;C8, Th1;C7, C8;nur bei mir: Th1 | nur Wikipedia: C7;https://de.wikipedia.org/wiki/Musculus_flexor_pollicis_brevis
M. flexor pollicis longus;Obere Extremität;Hand & Finger;Ursprung;abweichend;Epicondylus medialis humeri, ventrale Seite des Radius und Membrana interossea;Vorderseite der Speiche, Membrana interossea;;https://de.wikipedia.org/wiki/Musculus_flexor_pollicis_longus
M. flexor pollicis longus;Obere Extremität;Hand & Finger;Ansatz;gleich (andere Worte);Basis der Endphalanx des Daumens;Endphalanx des Daumens;;https://de.wikipedia.org/wiki/Musculus_flexor_pollicis_longus
M. flexor pollicis longus;Obere Extremität;Hand & Finger;Funktion;Freitext — nur lesen;"Beugt den Daumen; unterstützt die Palmarflexion im Handgelenk";Beuger des Daumens und des Handgelenks;;https://de.wikipedia.org/wiki/Musculus_flexor_pollicis_longus
M. flexor pollicis longus;Obere Extremität;Hand & Finger;Innervation;teils gleich;N. medianus;Nervus medianus aus dem Plexus brachialis;;https://de.wikipedia.org/wiki/Musculus_flexor_pollicis_longus
M. flexor pollicis longus;Obere Extremität;Hand & Finger;Segmente;abweichend;C6, C7, C8;C7, C8;nur bei mir: C6;https://de.wikipedia.org/wiki/Musculus_flexor_pollicis_longus
M. gastrocnemius;Untere Extremität;Fuß & Sprunggelenk;Ursprung;teils gleich;"Caput mediale: Femur, Facies poplitea, Condylus medialis; Caput laterale: Femur, Facies poplitea, Condylus lateralis";Caput laterale: Femur (Epicondylus lateralis) · Caput mediale: Femur (Epicondylus medialis);;https://de.wikipedia.org/wiki/Musculus_gastrocnemius
M. gastrocnemius;Untere Extremität;Fuß & Sprunggelenk;Ansatz;gleich (andere Worte);Tuber calcanei (über Achillessehne);Calcaneus über die Achillessehne (Tendo calcaneus);;https://de.wikipedia.org/wiki/Musculus_gastrocnemius
M. gastrocnemius;Untere Extremität;Fuß & Sprunggelenk;Funktion;Freitext — nur lesen;"Beugt das Knie und plantarflektiert den Fuß; unterstützt die Supination; sorgt als zweigelenkiger Muskel für die Kraftentfaltung beim Zehenstand und Abstoßen";im oberen Sprunggelenk: Plantarflexion · im unteren Sprunggelenk: Hebung des inneren Fußrandes (Supination) · im Kniegelenk Flexion;;https://de.wikipedia.org/wiki/Musculus_gastrocnemius
M. gastrocnemius;Untere Extremität;Fuß & Sprunggelenk;Innervation;teils gleich;N. tibialis;Nervus tibialis (Ast des Nervus ischiadicus);;https://de.wikipedia.org/wiki/Musculus_gastrocnemius
M. gastrocnemius;Untere Extremität;Fuß & Sprunggelenk;Segmente;nur Wikipedia;;S1-S2 (L5);;https://de.wikipedia.org/wiki/Musculus_gastrocnemius
M. gemellus inferior;Untere Extremität;Hüfte;Ursprung;gleich (andere Worte);Tuber ischiadicum;Sitzbein (Tuber ischiadicum);;https://de.wikipedia.org/wiki/Musculus_gemellus_inferior
M. gemellus inferior;Untere Extremität;Hüfte;Ansatz;gleich;Fossa trochanterica des Femur;Fossa trochanterica des Femur;;https://de.wikipedia.org/wiki/Musculus_gemellus_inferior
M. gemellus inferior;Untere Extremität;Hüfte;Funktion;Freitext — nur lesen;Unterstützt die Außenrotation im Hüftgelenk;Außenrotation des Oberschenkels;;https://de.wikipedia.org/wiki/Musculus_gemellus_inferior
M. gemellus inferior;Untere Extremität;Hüfte;Innervation;teils gleich;Plexus sacralis;direkte Äste aus dem Plexus sacralis;;https://de.wikipedia.org/wiki/Musculus_gemellus_inferior
M. gemellus inferior;Untere Extremität;Hüfte;Segmente;abweichend;L5, S1;L4-S1;nur Wikipedia: L4;https://de.wikipedia.org/wiki/Musculus_gemellus_inferior
M. gemellus superior;Untere Extremität;Hüfte;Ursprung;gleich;Spina ischiadica;Spina ischiadica;;https://de.wikipedia.org/wiki/Musculus_gemellus_superior
M. gemellus superior;Untere Extremität;Hüfte;Ansatz;gleich (andere Worte);Fossa trochanterica des Femur;Femur (Fossa trochanterica);;https://de.wikipedia.org/wiki/Musculus_gemellus_superior
M. gemellus superior;Untere Extremität;Hüfte;Funktion;Freitext — nur lesen;Unterstützt die Außenrotation im Hüftgelenk;Auswärtsdrehung des Oberschenkels;;https://de.wikipedia.org/wiki/Musculus_gemellus_superior
M. gemellus superior;Untere Extremität;Hüfte;Innervation;gleich;Plexus sacralis;Plexus sacralis;;https://de.wikipedia.org/wiki/Musculus_gemellus_superior
M. gemellus superior;Untere Extremität;Hüfte;Segmente;abweichend;L5, S1;L4-S1;nur Wikipedia: L4;https://de.wikipedia.org/wiki/Musculus_gemellus_superior
M. geniohyoideus;Kopf & Hals;Suprahyoidale Muskeln;Ursprung;teils gleich;Spina mentalis (Innenseite des Corpus mandibulae);Spina mentalis des Unterkiefers;;https://de.wikipedia.org/wiki/Musculus_geniohyoideus
M. geniohyoideus;Kopf & Hals;Suprahyoidale Muskeln;Ansatz;teils gleich;Corpus ossis hyoidei;Zungenbein (Os hyoideum);;https://de.wikipedia.org/wiki/Musculus_geniohyoideus
M. geniohyoideus;Kopf & Hals;Suprahyoidale Muskeln;Funktion;Freitext — nur lesen;"Der M. geniohyoideus zieht das Zungenbein kräftig nach ventral und kranial; damit hebt er den Kehlkopf beim Schlucken an und verkürzt den Abstand zwischen Kinn und Zungenbein. Bei festem Zungenbein wirkt er als Mundöffner.";Vorziehen des Zungenbeins;;https://de.wikipedia.org/wiki/Musculus_geniohyoideus
M. geniohyoideus;Kopf & Hals;Suprahyoidale Muskeln;Innervation;teils gleich;N. hypoglossus (XII) mit Fasern aus C1;erster Halsnerv via Nervus hypoglossus;;https://de.wikipedia.org/wiki/Musculus_geniohyoideus
M. geniohyoideus;Kopf & Hals;Suprahyoidale Muskeln;Segmente;gleich;C1;C1;;https://de.wikipedia.org/wiki/Musculus_geniohyoideus
M. gluteus maximus;Untere Extremität;Hüfte;Ursprung;teils gleich;"Tiefer Teil: Ala ossis ilii (Facies glutealis), Lig. sacrotuberale; Oberflächlicher Teil: Fascia thoracolumbalis, Crista iliaca, SIPS, dorsale Fläche des Sacrums, Os coccygis";oberflächlicher Anteil: * Darmbein (Os ilium): Darmbeinkamm (Crista iliaca), hinterer oberer Darmbeinstachel (Spina iliaca posterior superior) * Lendenfaszie (Fascia thoracolumbalis) * Kreuzbein (Os sacrum) * Steißbein (Os coccygis) tiefer Anteil: * Darmbeinschaufel (Ala ossis ilium) hinter der Linea glutea posterior * Kreuzbein-Sitzbein-Band (Ligamentum sacrotuberale) * mittlere Gesäßmuskel-Faszie (Aponeurosis glutea bzw. Fascia m. glutaei medii);;https://de.wikipedia.org/wiki/Musculus_gluteus_maximus
M. gluteus maximus;Untere Extremität;Hüfte;Ansatz;teils gleich;"Tractus iliotibialis; Tuberositas glutealis femoris";Gesäßmuskel-Aufrauung (Tuberositas glutea) und Oberschenkel-Faszienstreifen (Tractus iliotibialis), Linea aspera femoris via Septum intermusculare laterale;;https://de.wikipedia.org/wiki/Musculus_gluteus_maximus
M. gluteus maximus;Untere Extremität;Hüfte;Funktion;Freitext — nur lesen;"Hauptextensor des Hüftgelenks; dreht den Oberschenkel nach außen; die lateralen Anteile wirken zusätzlich als Abduktoren und spannen den Tractus iliotibialis";Streckung (Extension), Auswärtsdrehung (Außenrotation), Abspreizen (Abduktion) (kraniale Fasern) und Heranführen (Adduktion) (kaudale Fasern) im Hüftgelenk Verhindern des Abkippen des Rumpfes nach vorne;;https://de.wikipedia.org/wiki/Musculus_gluteus_maximus
M. gluteus maximus;Untere Extremität;Hüfte;Innervation;gleich;N. gluteus inferior;Nervus gluteus inferior;;https://de.wikipedia.org/wiki/Musculus_gluteus_maximus
M. gluteus maximus;Untere Extremität;Hüfte;Segmente;gleich;L5, S1, S2;L5-S2;;https://de.wikipedia.org/wiki/Musculus_gluteus_maximus
M. gluteus medius;Untere Extremität;Hüfte;Ursprung;abweichend;Ala ossis ilii, Facies glutealis;Außenfläche (Facies glut(a)ea) des Darmbeines (Os ilium), Darmbeinkamm (Labium externum der Crista iliaca) und seine Faszie (Aponeurosis glut(a)ea);;https://de.wikipedia.org/wiki/Musculus_gluteus_medius
M. gluteus medius;Untere Extremität;Hüfte;Ansatz;teils gleich;Trochanter major (lateral);großer Rollhügel (Trochanter major) · des Oberschenkelknochens (Femur);;https://de.wikipedia.org/wiki/Musculus_gluteus_medius
M. gluteus medius;Untere Extremität;Hüfte;Funktion;Freitext — nur lesen;"Führt das Bein seitwärts (Abduktion); vordere Fasern rotieren nach innen und beugen, hintere Fasern rotieren nach außen und strecken; essentiell für die Beckenstabilisierung im Einbeinstand";Mensch: * Zentrierung und Stabilisierung des Hüftgelenks * gemeinsam: Abspreizen (Abduktion), verhindert seitliches Abkippen des Beckens * vorderer Anteil: Einwärtsdrehung (Innenrotation) und Beugung (Flexion) * hinterer Anteil: Auswärtsdrehung (Außenrotation) und Streckung (Extension) im Hüftgelenk Tiere: Streckung;;https://de.wikipedia.org/wiki/Musculus_gluteus_medius
M. gluteus medius;Untere Extremität;Hüfte;Innervation;gleich;N. gluteus superior;Nervus gluteus superior;;https://de.wikipedia.org/wiki/Musculus_gluteus_medius
M. gluteus medius;Untere Extremität;Hüfte;Segmente;abweichend;L4, L5, S1;L4-L5;nur bei mir: S1;https://de.wikipedia.org/wiki/Musculus_gluteus_medius
M. gluteus minimus;Untere Extremität;Hüfte;Ursprung;abweichend;Ala ossis ilii, Facies glutealis;Außenfläche (Facies glut(a)ea) des Darmbeines (Os ilium) zwischen Linea glutaea anterior und inferior;;https://de.wikipedia.org/wiki/Musculus_gluteus_minimus
M. gluteus minimus;Untere Extremität;Hüfte;Ansatz;teils gleich;Spitze des Trochanter major;großer Rollhügel (Trochanter major) des Oberschenkelknochens (Femur);;https://de.wikipedia.org/wiki/Musculus_gluteus_minimus
M. gluteus minimus;Untere Extremität;Hüfte;Funktion;Freitext — nur lesen;"Abduziert die Hüfte und unterstützt die Innenrotation (ventrale Fasern) bzw. Außenrotation (dorsale Fasern); Funktion nahezu identisch mit Gluteus medius";Mensch: * Zentrierung und Stabilisierung des Hüftgelenks * Einwärtsdrehung (Innenrotation) und Abspreizbewegung (Abduktion) des Oberschenkels Tiere: * Streckung (Extension) und Abspreizbewegung;;https://de.wikipedia.org/wiki/Musculus_gluteus_minimus
M. gluteus minimus;Untere Extremität;Hüfte;Innervation;gleich;N. gluteus superior;Nervus gluteus superior;;https://de.wikipedia.org/wiki/Musculus_gluteus_minimus
M. gluteus minimus;Untere Extremität;Hüfte;Segmente;abweichend;L4, L5, S1;L4–L5;nur bei mir: S1;https://de.wikipedia.org/wiki/Musculus_gluteus_minimus
M. gracilis;Untere Extremität;Hüfte;Ursprung;gleich (andere Worte);Os pubis, Ramus inferior;Schambein (Ramus inferior ossis pubis);;https://de.wikipedia.org/wiki/Musculus_gracilis
M. gracilis;Untere Extremität;Hüfte;Ansatz;abweichend;Tibia, Facies medialis (Pes anserinus);Schienbein (Pes anserinus superficialis), Fascia cruris;;https://de.wikipedia.org/wiki/Musculus_gracilis
M. gracilis;Untere Extremität;Hüfte;Funktion;Freitext — nur lesen;"Adduziert das Bein im Hüftgelenk; im Kniegelenk wirkt er als Beuger und Innenrotator des Unterschenkels";Mensch: Beugung Hüftgelenk und Knie, Adduktion des Oberschenkels, Einwärtsdrehung des Unterschenkels · Tiere: v. a. Adduktor;;https://de.wikipedia.org/wiki/Musculus_gracilis
M. gracilis;Untere Extremität;Hüfte;Innervation;gleich;N. obturatorius;Nervus obturatorius;;https://de.wikipedia.org/wiki/Musculus_gracilis
M. gracilis;Untere Extremität;Hüfte;Segmente;gleich;L2, L3;L2, L3;;https://de.wikipedia.org/wiki/Musculus_gracilis
M. iliacus;Untere Extremität;Hüfte;Ursprung;gleich (andere Worte);Fossa iliaca des Ileums und Spina iliaca anterior inferior;Fossa iliaca und Spina iliaca anterior inferior des Darmbeines;;https://de.wikipedia.org/wiki/Musculus_iliacus
M. iliacus;Untere Extremität;Hüfte;Ansatz;teils gleich;Trochanter minor des Femur;über Fascia iliaca an Trochanter minor des Oberschenkelknochens;;https://de.wikipedia.org/wiki/Musculus_iliacus
M. iliacus;Untere Extremität;Hüfte;Funktion;Freitext — nur lesen;"Flektiert das Hüftgelenk und rotiert den Oberschenkel nach außen; bei feststehendem Bein kippt er das Ilium nach ventral";"Hüftgelenk: Beugung (Flexion) und Auswärtsdrehung (Außenrotation); Wirbelsäule: Beugung (Inklination) und Seitwärtsneigung (Lateralflexion)";;https://de.wikipedia.org/wiki/Musculus_iliacus
M. iliacus;Untere Extremität;Hüfte;Innervation;gleich (andere Worte);Plexus lumbalis;Plexus lumbalis und Nervus femoralis;;https://de.wikipedia.org/wiki/Musculus_iliacus
M. iliacus;Untere Extremität;Hüfte;Segmente;abweichend;L2, L3;L2–L4;nur Wikipedia: L4;https://de.wikipedia.org/wiki/Musculus_iliacus
M. infraspinatus;Obere Extremität;Schultergürtel;Ursprung;teils gleich;Fossa infraspinata der Scapula;Fossa infraspinata des Schulterblatts;;https://de.wikipedia.org/wiki/Musculus_infraspinatus
M. infraspinatus;Obere Extremität;Schultergürtel;Ansatz;abweichend;Mittlerer Teil des Tuberculum majus, Gelenkkapsel;Tuberculum majus bzw. Facies musculi infraspinati des Humerus;;https://de.wikipedia.org/wiki/Musculus_infraspinatus
M. infraspinatus;Obere Extremität;Schultergürtel;Funktion;Freitext — nur lesen;"Außenrotation; unterstützt die Abduktion bzw. Adduktion je nach Faseranteil";Adduktion, Abduktion und Außenrotation des Arms;;https://de.wikipedia.org/wiki/Musculus_infraspinatus
M. infraspinatus;Obere Extremität;Schultergürtel;Innervation;gleich;N. suprascapularis;Nervus suprascapularis;;https://de.wikipedia.org/wiki/Musculus_infraspinatus
M. infraspinatus;Obere Extremität;Schultergürtel;Segmente;abweichend;C4, C5, C6;C5, C6;nur bei mir: C4;https://de.wikipedia.org/wiki/Musculus_infraspinatus
M. latissimus dorsi;Obere Extremität;Schultergürtel;Ursprung;abweichend;Procc. spinosi Th7–Th12, Fascia thoracolumbalis, Crista iliaca (hinterer Teil), 10.–12. Rippe;Dornfortsätze der untersten 6 Brustwirbel sowie aller Lendenwirbel, Fascia thoracolumbalis, Darmbein (Labium externum der Crista iliaca), unterste 3 oder 4 Rippen, unterer Winkel des Schulterblattes, Rückseite des Os sacrum;;https://de.wikipedia.org/wiki/Musculus_latissimus_dorsi
M. latissimus dorsi;Obere Extremität;Schultergürtel;Ansatz;gleich (andere Worte);Crista tuberculi minoris humeri;Vorderseite des Oberarmknochens (Crista tuberculi minoris humeri);;https://de.wikipedia.org/wiki/Musculus_latissimus_dorsi
M. latissimus dorsi;Obere Extremität;Schultergürtel;Funktion;Freitext — nur lesen;"Extension, Adduktion und Innenrotation im Schultergelenk; zieht den Rumpf bei fixierten Armen heran";Zurückziehen des Arms, Senkung des erhobenen Arms, Adduktion, Innenrotation;;https://de.wikipedia.org/wiki/Musculus_latissimus_dorsi
M. latissimus dorsi;Obere Extremität;Schultergürtel;Innervation;gleich;N. thoracodorsalis;Nervus thoracodorsalis;;https://de.wikipedia.org/wiki/Musculus_latissimus_dorsi
M. latissimus dorsi;Obere Extremität;Schultergürtel;Segmente;gleich;C6, C7, C8;C6-C8;;https://de.wikipedia.org/wiki/Musculus_latissimus_dorsi
M. levator ani;Wirbelsäule & Rumpf;Beckenboden;Ursprung;abweichend;"M. puborectalis: Corpus ossis pubis; M. pubococcygeus: Arcus tendineus m. levatoris ani; M. iliococcygeus: Spina ischiadica";Schambein, Fascia obturatoria;;https://de.wikipedia.org/wiki/Musculus_levator_ani
M. levator ani;Wirbelsäule & Rumpf;Beckenboden;Ansatz;teils gleich;"Os coccygis; Lig. anococcygeum";Anus, Ligamentum anococcygeum;;https://de.wikipedia.org/wiki/Musculus_levator_ani
M. levator ani;Wirbelsäule & Rumpf;Beckenboden;Funktion;Freitext — nur lesen;Der M. levator ani bildet die muskuläre Hauptplatte des Beckenbodens und übernimmt mehrere Aufgaben gleichzeitig: Er trägt die Beckenorgane, sichert Harn- und Stuhlkontinenz und hebt bei Kontraktion den Beckenboden an. Zudem verengt er Harnröhre und Rektum reflektorisch bei intraabdominaler Druckerhöhung.;Anheben der Flexura sacralis des Mastdarms bei Defäkation;;https://de.wikipedia.org/wiki/Musculus_levator_ani
M. levator ani;Wirbelsäule & Rumpf;Beckenboden;Innervation;teils gleich;Plexus sacralis, N. pudendus;direkte Fasern aus dem Plexus sacralis;;https://de.wikipedia.org/wiki/Musculus_levator_ani
M. levator ani;Wirbelsäule & Rumpf;Beckenboden;Segmente;nur bei mir;S3, S4;;;https://de.wikipedia.org/wiki/Musculus_levator_ani
M. levator scapulae;Obere Extremität;Schultergürtel;Ursprung;teils gleich;Procc. transversi C1–C4 (Tubercula posteriora);Querfortsätze des 1. und 2. Halswirbels, Tubercula posteriora des 3. und 4. Halswirbels;;https://de.wikipedia.org/wiki/Musculus_levator_scapulae
M. levator scapulae;Obere Extremität;Schultergürtel;Ansatz;gleich (andere Worte);Angulus superior und oberer Teil der Margo medialis scapulae;Angulus superior scapulae und Margo medialis scapulae;;https://de.wikipedia.org/wiki/Musculus_levator_scapulae
M. levator scapulae;Obere Extremität;Schultergürtel;Funktion;Freitext — nur lesen;"Elevation und Abwärtsrotation der Scapula; ipsilaterale HWS-Beugung und -Rotation";Hebt Schulterblatt nach oben, schwenkt Angulus inferior nach medial, neigt den Hals bei fixierter Schulter zur Seite. Bei beidseitiger Aktivierung unterstützt er die Extension (Streckung) der Halswirbelsäule.;;https://de.wikipedia.org/wiki/Musculus_levator_scapulae
M. levator scapulae;Obere Extremität;Schultergürtel;Innervation;gleich (andere Worte);Plexus cervicalis, N. dorsalis scapulae;Nervus dorsalis scapulae, Plexus cervicalis;;https://de.wikipedia.org/wiki/Musculus_levator_scapulae
M. levator scapulae;Obere Extremität;Schultergürtel;Segmente;abweichend;C4, C5;C4-C6;nur Wikipedia: C6;https://de.wikipedia.org/wiki/Musculus_levator_scapulae
M. longus capitis;Kopf & Hals;Prävertebrale Muskeln;Ursprung;teils gleich;Procc. transversi C3–C6 (Tubercula anteriora);(Tubercula anteriora der) Querfortsätze der Halswirbel 3 bis 6;;https://de.wikipedia.org/wiki/Musculus_longus_capitis
M. longus capitis;Kopf & Hals;Prävertebrale Muskeln;Ansatz;gleich (andere Worte);Pars basilaris ossis occipitalis;(Pars basilaris des) Os occipitale;;https://de.wikipedia.org/wiki/Musculus_longus_capitis
M. longus capitis;Kopf & Hals;Prävertebrale Muskeln;Funktion;Freitext — nur lesen;Der M. longus capitis beugt den Kopf nach vorn (Inklination) und stabilisiert die obere HWS. Er arbeitet synergistisch mit dem M. longus colli und bildet gemeinsam mit ihm die tiefe zervikale Flexorenschicht.;Einseitig: · Lateralflexion und geringfügige Rotation des Kopfes zur ipsilateralen Seite Beidseitig: · Ventralflexion des Kopfes;;https://de.wikipedia.org/wiki/Musculus_longus_capitis
M. longus capitis;Kopf & Hals;Prävertebrale Muskeln;Innervation;abweichend;Rr. ventrales der Spinalnerven C1–C3;direkte Äste aus dem Plexus Cervicalis;;https://de.wikipedia.org/wiki/Musculus_longus_capitis
M. longus capitis;Kopf & Hals;Prävertebrale Muskeln;Segmente;abweichend;C1–C3;C2-C6;nur bei mir: C1 | nur Wikipedia: C4, C5, C6;https://de.wikipedia.org/wiki/Musculus_longus_capitis
M. longus colli;Kopf & Hals;Prävertebrale Muskeln;Ursprung;teils gleich;"Pars verticalis: Wirbelkörper C5–Th3; Pars obliqua superior: Procc. transversi C3–C5; Pars obliqua inferior: Wirbelkörper Th1–Th3";Pars obliqua superior: · – (Tubercula anteriora der) · Querfortsätze der Halswirbel 3 bis 5 Pars recta: · – Vorderseiten der Halswirbelkörper 5 bis 7 · – Vorderseiten der Brustwirbelkörper 1 bis 3 Pars obliqua inferior: · – Vorderseiten der Brustwirbelkörper 1 bis 3;;https://de.wikipedia.org/wiki/Musculus_longus_colli
M. longus colli;Kopf & Hals;Prävertebrale Muskeln;Ansatz;abweichend;"Tuberculum anterius atlantis (Pars obliqua superior); Wirbelkörper C2–C4 (Pars verticalis); Procc. transversi C5–C6 (Pars obliqua inferior)";Pars obliqua: · – (Tuberculum anterius des) · Atlas Pars recta: · – Vorderseiten der Halswirbel 2 bis 4 Pars obliqua: · – (Tubercula anteriora der) · Querfortsätze der Halswirbel 5 und 6;;https://de.wikipedia.org/wiki/Musculus_longus_colli
M. longus colli;Kopf & Hals;Prävertebrale Muskeln;Funktion;Freitext — nur lesen;Der M. longus colli beugt die Halswirbelsäule nach ventral (Nickbewegung) und stabilisiert sie segmental. Er ist der wichtigste tiefe Flexor der HWS und trägt durch seine permanente Aktivität zur zervikalen Haltungsstabilisation bei.;Einseitig: · Lateralflexion und Rotation der Halswirbelsäule zur ipsilateralen Seite Beidseitig: · Ventralflexion der Halswirbelsäule;;https://de.wikipedia.org/wiki/Musculus_longus_colli
M. longus colli;Kopf & Hals;Prävertebrale Muskeln;Innervation;abweichend;Rr. ventrales der Spinalnerven C2–C6;Ramus ventralis des ersten Nervus cervicalis;;https://de.wikipedia.org/wiki/Musculus_longus_colli
M. longus colli;Kopf & Hals;Prävertebrale Muskeln;Segmente;abweichend;C2–C6;C1;nur bei mir: C2, C3, C4, C5, C6 | nur Wikipedia: C1;https://de.wikipedia.org/wiki/Musculus_longus_colli
M. masseter;Kopf & Hals;Kaumuskulatur;Ursprung;abweichend;Arcus zygomaticus (unterer Rand und Innenfläche);Pars superficialis: · vorderes und mittleres Drittel des Jochbogens Pars profunda: · hinteres Drittel des Jochbogens · bei Tieren auch Crista facialis;;https://de.wikipedia.org/wiki/Musculus_masseter
M. masseter;Kopf & Hals;Kaumuskulatur;Ansatz;teils gleich;Tuberositas masseterica (Außenfläche des Ramus mandibulae);Tuberositas masseterica des Unterkiefers;;https://de.wikipedia.org/wiki/Musculus_masseter
M. masseter;Kopf & Hals;Kaumuskulatur;Funktion;Freitext — nur lesen;Der M. masseter ist der kräftigste Kaumuskel: Er schließt den Mund und hebt den Unterkiefer an. Der oberflächliche Anteil ermöglicht zusätzlich eine Protrusion des Unterkiefers, der tiefe Anteil zieht ihn nach posterior.;Anheben und Seitwärtsbewegung des Unterkiefers;;https://de.wikipedia.org/wiki/Musculus_masseter
M. masseter;Kopf & Hals;Kaumuskulatur;Innervation;teils gleich;N. massetericus (V3, N. trigeminus);Nervus massetericus des Nervus mandibularis;;https://de.wikipedia.org/wiki/Musculus_masseter
M. masseter;Kopf & Hals;Kaumuskulatur;Segmente;beide leer;;;;https://de.wikipedia.org/wiki/Musculus_masseter
M. mylohyoideus;Kopf & Hals;Suprahyoidale Muskeln;Ursprung;teils gleich;Linea mylohyoidea (Innenfläche des Corpus mandibulae);Unterkiefer (Linea mylohyoidea);;https://de.wikipedia.org/wiki/Musculus_mylohyoideus
M. mylohyoideus;Kopf & Hals;Suprahyoidale Muskeln;Ansatz;abweichend;"Corpus ossis hyoidei; Raphe mylohyoidea";Zungenbein (Os hyoideum);;https://de.wikipedia.org/wiki/Musculus_mylohyoideus
M. mylohyoideus;Kopf & Hals;Suprahyoidale Muskeln;Funktion;Freitext — nur lesen;Der M. mylohyoideus hebt den Mundboden und das Zungenbein an – ein entscheidender Schritt beim Schlucken. Bei festem Zungenbein kann er zudem den Unterkiefer absenken und unterstützt so die Mundöffnung.;Öffnung des Mundes, Anheben des Zungenbeins;;https://de.wikipedia.org/wiki/Musculus_mylohyoideus
M. mylohyoideus;Kopf & Hals;Suprahyoidale Muskeln;Innervation;teils gleich;N. mylohyoideus (V3, N. trigeminus);Nervus mylohyoideus (Ast des Nervus mandibularis);;https://de.wikipedia.org/wiki/Musculus_mylohyoideus
M. mylohyoideus;Kopf & Hals;Suprahyoidale Muskeln;Segmente;beide leer;;;;https://de.wikipedia.org/wiki/Musculus_mylohyoideus
M. nasalis;Kopf & Hals;Mimikmuskulatur;Ursprung;abweichend;Seitlich an der Nase (Maxilla, lateral des Nasenrückens);Oberkiefer;;https://de.wikipedia.org/wiki/Musculus_nasalis
M. nasalis;Kopf & Hals;Mimikmuskulatur;Ansatz;abweichend;Nasenrücken / Nasenknorpelregion;Nasenbein;;https://de.wikipedia.org/wiki/Musculus_nasalis
M. nasalis;Kopf & Hals;Mimikmuskulatur;Funktion;Freitext — nur lesen;"Pars transversa: Verengt die Nasenöffnung; zieht Nasenrücken nach unten und medial.";Verengung des Nasenknorpels;;https://de.wikipedia.org/wiki/Musculus_nasalis
M. nasalis;Kopf & Hals;Mimikmuskulatur;Innervation;teils gleich;N. facialis (VII);Nervus facialis (Hirnnerv VII);;https://de.wikipedia.org/wiki/Musculus_nasalis
M. nasalis;Kopf & Hals;Mimikmuskulatur;Segmente;beide leer;;;;https://de.wikipedia.org/wiki/Musculus_nasalis
M. nasalis;Kopf & Hals;Mimikmuskulatur;Ursprung;abweichend;An den Nasenflügeln (Ala nasi);Oberkiefer;;https://de.wikipedia.org/wiki/Musculus_nasalis
M. nasalis;Kopf & Hals;Mimikmuskulatur;Ansatz;abweichend;Nasenflügel (Ala nasi);Nasenbein;;https://de.wikipedia.org/wiki/Musculus_nasalis
M. nasalis;Kopf & Hals;Mimikmuskulatur;Funktion;Freitext — nur lesen;"Pars alaris: Erweitert die Nasenöffnung durch Aufspreizen der Nasenflügel; aktiv bei forcierter Inspiration.";Verengung des Nasenknorpels;;https://de.wikipedia.org/wiki/Musculus_nasalis
M. nasalis;Kopf & Hals;Mimikmuskulatur;Innervation;teils gleich;N. facialis (VII);Nervus facialis (Hirnnerv VII);;https://de.wikipedia.org/wiki/Musculus_nasalis
M. nasalis;Kopf & Hals;Mimikmuskulatur;Segmente;beide leer;;;;https://de.wikipedia.org/wiki/Musculus_nasalis
M. obliquus externus abdominis;Wirbelsäule & Rumpf;Bauchmuskulatur;Ursprung;teils gleich;Außenfläche der 5.–12. Rippe;5. bis 12. Rippe;;https://de.wikipedia.org/wiki/Musculus_obliquus_externus_abdominis
M. obliquus externus abdominis;Wirbelsäule & Rumpf;Bauchmuskulatur;Ansatz;gleich (andere Worte);Crista iliaca, Lig. inguinale, Linea alba, Rektusscheide;Linea alba, Lig. inguinale, Crista iliaca, Tuberculum pubicum;;https://de.wikipedia.org/wiki/Musculus_obliquus_externus_abdominis
M. obliquus externus abdominis;Wirbelsäule & Rumpf;Bauchmuskulatur;Funktion;Freitext — nur lesen;"Beidseitig zieht der M. obliquus externus den Brustkorb nach unten und beugt den Rumpf; einseitig dreht er die Rumpfmittellinie zur Gegenseite und unterstützt die Lateralflexion zur eigenen Seite. Er ist zudem wesentlich an der Erhöhung des intraabdominalen Drucks beteiligt.";Flexion und Rotation des Rumpfes, Exspiration;;https://de.wikipedia.org/wiki/Musculus_obliquus_externus_abdominis
M. obliquus externus abdominis;Wirbelsäule & Rumpf;Bauchmuskulatur;Innervation;abweichend;Nn. intercostales, N. iliohypogastricus, N. ilioinguinalis;Nervi intercostales (Th5–11), Nervus subcostalis;;https://de.wikipedia.org/wiki/Musculus_obliquus_externus_abdominis
M. obliquus externus abdominis;Wirbelsäule & Rumpf;Bauchmuskulatur;Segmente;nur bei mir;Th5–Th12;;;https://de.wikipedia.org/wiki/Musculus_obliquus_externus_abdominis
M. obliquus internus abdominis;Wirbelsäule & Rumpf;Bauchmuskulatur;Ursprung;teils gleich;Fascia thoracolumbalis, Crista iliaca, Lig. inguinale;Lig. inguinale, Crista iliaca, Spina iliaca anterior superior, Fascia thoracolumbalis, Processus costales L1-L5;;https://de.wikipedia.org/wiki/Musculus_obliquus_internus_abdominis
M. obliquus internus abdominis;Wirbelsäule & Rumpf;Bauchmuskulatur;Ansatz;teils gleich;Rippenknorpel 10–12, Linea alba, Rektusscheide;Knorpel der unteren vier Rippen, Linea alba;;https://de.wikipedia.org/wiki/Musculus_obliquus_internus_abdominis
M. obliquus internus abdominis;Wirbelsäule & Rumpf;Bauchmuskulatur;Funktion;Freitext — nur lesen;"Beidseits aktiviert beugt der M. obliquus internus den Rumpf; einseitig erzeugt er eine Rotation zur gleichen Seite sowie eine Lateralflexion ipsilateral. Zusammen mit dem M. transversus abdominis trägt er wesentlich zur Rumpfstabilisation bei.";Beuger des Rumpfs, Exspiration;;https://de.wikipedia.org/wiki/Musculus_obliquus_internus_abdominis
M. obliquus internus abdominis;Wirbelsäule & Rumpf;Bauchmuskulatur;Innervation;gleich (andere Worte);Nn. intercostales, N. iliohypogastricus, N. ilioinguinalis;Nervi intercostales, Nervi subcostales, Nervus ilioinguinalis, Nervus iliohypogastricus;;https://de.wikipedia.org/wiki/Musculus_obliquus_internus_abdominis
M. obliquus internus abdominis;Wirbelsäule & Rumpf;Bauchmuskulatur;Segmente;abweichend;Th8–Th12;Th10–Th12;nur bei mir: Th8, Th9;https://de.wikipedia.org/wiki/Musculus_obliquus_internus_abdominis
M. obturatorius externus;Untere Extremität;Hüfte;Ursprung;teils gleich;Os coxae und Membrana obturatoria (Außenseite);Außenfläche der Membrana obturatoria;;https://de.wikipedia.org/wiki/Musculus_obturatorius_externus
M. obturatorius externus;Untere Extremität;Hüfte;Ansatz;gleich;Fossa trochanterica des Femur;Fossa trochanterica des Femur;;https://de.wikipedia.org/wiki/Musculus_obturatorius_externus
M. obturatorius externus;Untere Extremität;Hüfte;Funktion;Freitext — nur lesen;Dreht den Oberschenkel im Hüftgelenk nach außen;Auswärtsdrehung (Außenrotation) und Heranführen des Oberschenkels (Adduktion);;https://de.wikipedia.org/wiki/Musculus_obturatorius_externus
M. obturatorius externus;Untere Extremität;Hüfte;Innervation;gleich;N. obturatorius;Nervus obturatorius;;https://de.wikipedia.org/wiki/Musculus_obturatorius_externus
M. obturatorius externus;Untere Extremität;Hüfte;Segmente;abweichend;L3, L4;L4;nur bei mir: L3;https://de.wikipedia.org/wiki/Musculus_obturatorius_externus
M. obturatorius internus;Untere Extremität;Hüfte;Ursprung;teils gleich;Os coxae und Membrana obturatoria (Innenseite);Innenfläche der Membrana obturatoria;;https://de.wikipedia.org/wiki/Musculus_obturatorius_internus
M. obturatorius internus;Untere Extremität;Hüfte;Ansatz;teils gleich;Fossa trochanterica des Femur;Fossa trochanterica des Oberschenkelknochens;;https://de.wikipedia.org/wiki/Musculus_obturatorius_internus
M. obturatorius internus;Untere Extremität;Hüfte;Funktion;Freitext — nur lesen;Dreht den Oberschenkel im Hüftgelenk nach außen;Auswärtsdrehung des Oberschenkels;;https://de.wikipedia.org/wiki/Musculus_obturatorius_internus
M. obturatorius internus;Untere Extremität;Hüfte;Innervation;teils gleich;Plexus sacralis;Plexus sacralis (Nervus musculi obturatorii interni);;https://de.wikipedia.org/wiki/Musculus_obturatorius_internus
M. obturatorius internus;Untere Extremität;Hüfte;Segmente;gleich;L5, S1;L5, S1;;https://de.wikipedia.org/wiki/Musculus_obturatorius_internus
M. occipitofrontalis;Kopf & Hals;Mimikmuskulatur;—;kein Vergleich;;;;Artikel ohne Infobox
M. occipitofrontalis;Kopf & Hals;Mimikmuskulatur;—;kein Vergleich;;;;Artikel ohne Infobox
M. omohyoideus;Kopf & Hals;Infrahyoidale Muskeln;Ursprung;teils gleich;Margo superior scapulae (medial der Incisura scapulae);Venter inferior: · Margo superior des Schulterblatts zwischen Angulus superior und Incisura scapulae;;https://de.wikipedia.org/wiki/Musculus_omohyoideus
M. omohyoideus;Kopf & Hals;Infrahyoidale Muskeln;Ansatz;abweichend;Corpus ossis hyoidei (Cornu majus);Venter superior: · Kaudaler Rand der Außenfläche des seitlichen Abschnitts des Zungenbeinkörpers;;https://de.wikipedia.org/wiki/Musculus_omohyoideus
M. omohyoideus;Kopf & Hals;Infrahyoidale Muskeln;Funktion;Freitext — nur lesen;"Der M. omohyoideus senkt das Zungenbein nach kaudal und spannt die mittlere Halsfaszie; durch die Spannung der Fascia cervicalis media hält er die V. jugularis interna offen und verhindert deren venösen Kollaps.";Hilfsmuskel beim Schluckakt;;https://de.wikipedia.org/wiki/Musculus_omohyoideus
M. omohyoideus;Kopf & Hals;Infrahyoidale Muskeln;Innervation;teils gleich;Ansa cervicalis;Ansa cervicalis profunda (Plexus cervicalis);;https://de.wikipedia.org/wiki/Musculus_omohyoideus
M. omohyoideus;Kopf & Hals;Infrahyoidale Muskeln;Segmente;nur bei mir;C1–C3;;;https://de.wikipedia.org/wiki/Musculus_omohyoideus
M. opponens digiti minimi;Obere Extremität;Hand & Finger;Ursprung;teils gleich;Hamulus ossis hamati und Retinaculum flexorum;Retinaculum flexorum und Haken des Os hamatum;;https://de.wikipedia.org/wiki/Musculus_opponens_digiti_minimi_(Hand)
M. opponens digiti minimi;Obere Extremität;Hand & Finger;Ansatz;teils gleich;Os metacarpale V;Mediale Seite des Os metacarpale V;;https://de.wikipedia.org/wiki/Musculus_opponens_digiti_minimi_(Hand)
M. opponens digiti minimi;Obere Extremität;Hand & Finger;Funktion;Freitext — nur lesen;Opposition des kleinen Fingers im CMC-Gelenk;zieht das Os metacarpale V nach palmar;;https://de.wikipedia.org/wiki/Musculus_opponens_digiti_minimi_(Hand)
M. opponens digiti minimi;Obere Extremität;Hand & Finger;Innervation;gleich;N. ulnaris;Nervus ulnaris;;https://de.wikipedia.org/wiki/Musculus_opponens_digiti_minimi_(Hand)
M. opponens digiti minimi;Obere Extremität;Hand & Finger;Segmente;gleich;C8, Th1;C8–Th1;;https://de.wikipedia.org/wiki/Musculus_opponens_digiti_minimi_(Hand)
M. opponens digiti minimi;Untere Extremität;Fuß & Sprunggelenk;Ursprung;teils gleich;"Lig. plantare longum; Basis des Os metatarsale V; Sehnenscheide des M. fibularis longus";Lig. plantare longum, Os metatarsale V, Sehnenscheide M. peronaeus longus;;https://de.wikipedia.org/wiki/Musculus_opponens_digiti_minimi_(Fu%C3%9F)
M. opponens digiti minimi;Untere Extremität;Fuß & Sprunggelenk;Ansatz;gleich;Lateraler Rand des Os metatarsale V;lateraler Rand des Os metatarsale V;;https://de.wikipedia.org/wiki/Musculus_opponens_digiti_minimi_(Fu%C3%9F)
M. opponens digiti minimi;Untere Extremität;Fuß & Sprunggelenk;Funktion;Freitext — nur lesen;Unterstützt Flexion und Abduktion der Kleinzehe und stabilisiert das laterale Längsgewölbe des Fußes;Abspreizung und Plantarflexion der kleinen Zehe;;https://de.wikipedia.org/wiki/Musculus_opponens_digiti_minimi_(Fu%C3%9F)
M. opponens digiti minimi;Untere Extremität;Fuß & Sprunggelenk;Innervation;gleich (andere Worte);N. tibialis (N. plantaris lateralis);Nervus plantaris lateralis;;https://de.wikipedia.org/wiki/Musculus_opponens_digiti_minimi_(Fu%C3%9F)
M. opponens digiti minimi;Untere Extremität;Fuß & Sprunggelenk;Segmente;gleich;S2, S3;S2, S3;;https://de.wikipedia.org/wiki/Musculus_opponens_digiti_minimi_(Fu%C3%9F)
M. opponens pollicis;Obere Extremität;Hand & Finger;Ursprung;gleich (andere Worte);Os trapezium und Retinaculum flexorum;Retinaculum flexorum und Os trapezium;;https://de.wikipedia.org/wiki/Musculus_opponens_pollicis
M. opponens pollicis;Obere Extremität;Hand & Finger;Ansatz;abweichend;Os metacarpale I;Laterale Seite des ersten Mittelhandknochens;;https://de.wikipedia.org/wiki/Musculus_opponens_pollicis
M. opponens pollicis;Obere Extremität;Hand & Finger;Funktion;Freitext — nur lesen;Opposition des Daumens im Sattelgelenk;Drehung des Daumens zur Handinnenfläche;;https://de.wikipedia.org/wiki/Musculus_opponens_pollicis
M. opponens pollicis;Obere Extremität;Hand & Finger;Innervation;gleich;N. medianus;Nervus medianus;;https://de.wikipedia.org/wiki/Musculus_opponens_pollicis
M. opponens pollicis;Obere Extremität;Hand & Finger;Segmente;gleich;C6, C7;C6-C7;;https://de.wikipedia.org/wiki/Musculus_opponens_pollicis
M. orbicularis oculi;Kopf & Hals;Mimikmuskulatur;Ursprung;abweichend;Orbitarand und Tarsalregion (umgibt die Orbita ringförmig);Stirnbein, Oberkiefer und nasales Lidband;;https://de.wikipedia.org/wiki/Musculus_orbicularis_oculi
M. orbicularis oculi;Kopf & Hals;Mimikmuskulatur;Ansatz;abweichend;Haut um die Orbita, Tarsalregion und medialer Lidwinkel;Raphe palpebralis lateralis;;https://de.wikipedia.org/wiki/Musculus_orbicularis_oculi
M. orbicularis oculi;Kopf & Hals;Mimikmuskulatur;Funktion;Freitext — nur lesen;Der M. orbicularis oculi schließt das Auge. Die Pars palpebralis sorgt für spontanen Lidschluss, die Pars orbitalis für festes Zusammenkneifen.;Lidschluss;;https://de.wikipedia.org/wiki/Musculus_orbicularis_oculi
M. orbicularis oculi;Kopf & Hals;Mimikmuskulatur;Innervation;teils gleich;N. facialis (VII);Nervus facialis (Hirnnerv VII);;https://de.wikipedia.org/wiki/Musculus_orbicularis_oculi
M. orbicularis oculi;Kopf & Hals;Mimikmuskulatur;Segmente;beide leer;;;;https://de.wikipedia.org/wiki/Musculus_orbicularis_oculi
M. orbicularis oris;Kopf & Hals;Mimikmuskulatur;Ursprung;abweichend;Haut und Muskulatur der Lippen, Modiolus;Ober- und Unterkiefer;;https://de.wikipedia.org/wiki/Musculus_orbicularis_oris
M. orbicularis oris;Kopf & Hals;Mimikmuskulatur;Ansatz;teils gleich;Haut und Muskulatur der Lippen (orbitalе und marginale Faserbündel);Haut der Lippe;;https://de.wikipedia.org/wiki/Musculus_orbicularis_oris
M. orbicularis oris;Kopf & Hals;Mimikmuskulatur;Funktion;Freitext — nur lesen;"Der M. orbicularis oris schließt die Lippen und formt sie für Sprechen, Pusten und Pfeifen; seine oberflächlichen und tiefen Faserbündel wirken zusammen, um Mund und Lippen präzise zu steuern.";Zusammenziehen der Mundöffnung;;https://de.wikipedia.org/wiki/Musculus_orbicularis_oris
M. orbicularis oris;Kopf & Hals;Mimikmuskulatur;Innervation;abweichend;N. facialis (VII), Rr. buccales und marginales mandibulares;Nervus facialis (Hirnnerv VII);;https://de.wikipedia.org/wiki/Musculus_orbicularis_oris
M. orbicularis oris;Kopf & Hals;Mimikmuskulatur;Segmente;beide leer;;;;https://de.wikipedia.org/wiki/Musculus_orbicularis_oris
M. palmaris brevis;Obere Extremität;Hand & Finger;Ursprung;teils gleich;Aponeurosis palmaris;Ulnare Seite des Retinaculum flexorum, Aponeurosis palmaris;;https://de.wikipedia.org/wiki/Musculus_palmaris_brevis
M. palmaris brevis;Obere Extremität;Hand & Finger;Ansatz;teils gleich;Haut der ulnaren Handseite;Haut auf der ulnaren Seite der Handfläche;;https://de.wikipedia.org/wiki/Musculus_palmaris_brevis
M. palmaris brevis;Obere Extremität;Hand & Finger;Funktion;Freitext — nur lesen;Spannt die Haut am Kleinfingerballen;Beteiligt an der Spannung der Palmaraponeurose;;https://de.wikipedia.org/wiki/Musculus_palmaris_brevis
M. palmaris brevis;Obere Extremität;Hand & Finger;Innervation;teils gleich;N. ulnaris;Nervus ulnaris, Ramus superficialis;;https://de.wikipedia.org/wiki/Musculus_palmaris_brevis
M. palmaris brevis;Obere Extremität;Hand & Finger;Segmente;gleich;C8, Th1;C8, Th1;;https://de.wikipedia.org/wiki/Musculus_palmaris_brevis
M. palmaris longus;Obere Extremität;Hand & Finger;Ursprung;teils gleich;Epicondylus medialis humeri;Oberarmknochen (Epicondylus medialis humeri) und Unterarmfascie (Fascia antebrachii);;https://de.wikipedia.org/wiki/Musculus_palmaris_longus
M. palmaris longus;Obere Extremität;Hand & Finger;Ansatz;teils gleich;Aponeurosis palmaris;Aponeurosis palmaris und Retinaculum flexorum.;;https://de.wikipedia.org/wiki/Musculus_palmaris_longus
M. palmaris longus;Obere Extremität;Hand & Finger;Funktion;Freitext — nur lesen;"Palmarflexion im Handgelenk; spannt die Palmaraponeurose";Spannen der Palmaraponeurose, Beugung des Handgelenks, schwache Beugung des Ellbogengelenkes;;https://de.wikipedia.org/wiki/Musculus_palmaris_longus
M. palmaris longus;Obere Extremität;Hand & Finger;Innervation;gleich;N. medianus;Nervus medianus;;https://de.wikipedia.org/wiki/Musculus_palmaris_longus
M. palmaris longus;Obere Extremität;Hand & Finger;Segmente;abweichend;C8, Th1;C7, C8, Th1;nur Wikipedia: C7;https://de.wikipedia.org/wiki/Musculus_palmaris_longus
M. pectineus;Untere Extremität;Hüfte;Ursprung;teils gleich;Pecten ossis pubis;Schambein (Pecten ossis pubis, Tuberculum pubicum, Lig. pubicum sup.);;https://de.wikipedia.org/wiki/Musculus_pectineus
M. pectineus;Untere Extremität;Hüfte;Ansatz;teils gleich;Linea pectinea des Femur;Oberschenkelknochen (Linea pectinea bzw. Labium mediale);;https://de.wikipedia.org/wiki/Musculus_pectineus
M. pectineus;Untere Extremität;Hüfte;Funktion;Freitext — nur lesen;"Adduziert den Oberschenkel und beugt ihn leicht im Hüftgelenk; eine geringe Außenrotation ist ebenfalls möglich";Beuger des Hüftgelenks, Adduktion;;https://de.wikipedia.org/wiki/Musculus_pectineus
M. pectineus;Untere Extremität;Hüfte;Innervation;gleich;N. femoralis, N. obturatorius;Nervus femoralis, Nervus obturatorius;;https://de.wikipedia.org/wiki/Musculus_pectineus
M. pectineus;Untere Extremität;Hüfte;Segmente;gleich;L2, L3;L2, L3;;https://de.wikipedia.org/wiki/Musculus_pectineus
M. pectoralis major;Obere Extremität;Schultergürtel;Ursprung;abweichend;"Pars clavicularis: Mediale Clavicula; Pars sternocostalis: Ventrale Sternumseite und 2.–6. Rippenknorpel; Pars abdominalis: Rektusscheide";sternale Fläche des Schlüsselbeins, Brustbein (Sternum), Knorpel der oberen vier bis sechs Rippen, vorderes Blatt der Rektusscheide;;https://de.wikipedia.org/wiki/Musculus_pectoralis_major
M. pectoralis major;Obere Extremität;Schultergürtel;Ansatz;teils gleich;Crista tuberculi majoris humeri;Oberarmknochen (Crista tuberculi minoris humeri);;https://de.wikipedia.org/wiki/Musculus_pectoralis_major
M. pectoralis major;Obere Extremität;Schultergürtel;Funktion;Freitext — nur lesen;"Adduktion und Innenrotation; je nach Anteil zusätzlich Flexion oder Extension im Schultergelenk";Adduktion, Vorführen und Einwärtsdrehung des Arms;;https://de.wikipedia.org/wiki/Musculus_pectoralis_major
M. pectoralis major;Obere Extremität;Schultergürtel;Innervation;gleich (andere Worte);Nn. pectorales mediales et laterales;Nervi pectorales lateralis et medialis;;https://de.wikipedia.org/wiki/Musculus_pectoralis_major
M. pectoralis major;Obere Extremität;Schultergürtel;Segmente;gleich;C5, C6, C7, C8, Th1;C5-Th1;;https://de.wikipedia.org/wiki/Musculus_pectoralis_major
M. pectoralis minor;Obere Extremität;Schultergürtel;Ursprung;teils gleich;Ventrale Seite der 3.–5. Rippe;3. bis 5. Rippe;;https://de.wikipedia.org/wiki/Musculus_pectoralis_minor
M. pectoralis minor;Obere Extremität;Schultergürtel;Ansatz;teils gleich;Proc. coracoideus der Scapula;Processus coracoideus des Schulterblatts;;https://de.wikipedia.org/wiki/Musculus_pectoralis_minor
M. pectoralis minor;Obere Extremität;Schultergürtel;Funktion;Freitext — nur lesen;"Senkt die Scapula und zieht sie nach vorn; bei fixiertem Schultergürtel inspiratorische Nebenfunktion";zieht die Schulter nach schräg vorne unten;;https://de.wikipedia.org/wiki/Musculus_pectoralis_minor
M. pectoralis minor;Obere Extremität;Schultergürtel;Innervation;teils gleich;N. pectoralis medialis;Nervi pectorales medialis und lateralis;;https://de.wikipedia.org/wiki/Musculus_pectoralis_minor
M. pectoralis minor;Obere Extremität;Schultergürtel;Segmente;abweichend;C6, C7, C8, Th1;C6-C8;nur bei mir: Th1;https://de.wikipedia.org/wiki/Musculus_pectoralis_minor
M. piriformis;Untere Extremität;Hüfte;Ursprung;abweichend;Os sacrum, Facies pelvica;Facies pelvina des Kreuzbeines (Os sacrum) und · Incisura ischiadica major am Sitzbein (Os ischii);;https://de.wikipedia.org/wiki/Musculus_piriformis
M. piriformis;Untere Extremität;Hüfte;Ansatz;gleich (andere Worte);Trochanter major des Femur;Trochanter major am Oberschenkelknochen (Femur);;https://de.wikipedia.org/wiki/Musculus_piriformis
M. piriformis;Untere Extremität;Hüfte;Funktion;Freitext — nur lesen;"Außenrotiert den Oberschenkel im Hüftgelenk; wirkt bei 90° Hüftbeugung zusätzlich als Abduktor";Auswärtsdrehung (Außenrotation), · Abspreizen (Abduktion) und · Strecken bzw. nach hinten Führen (Extension bzw. Retroversion) · des Oberschenkels;;https://de.wikipedia.org/wiki/Musculus_piriformis
M. piriformis;Untere Extremität;Hüfte;Innervation;gleich (andere Worte);Plexus sacralis;Ast des Plexus sacralis;;https://de.wikipedia.org/wiki/Musculus_piriformis
M. piriformis;Untere Extremität;Hüfte;Segmente;abweichend;S1, S2;L5-S1 (z. T. auch S2);nur bei mir: S2 | nur Wikipedia: L5;https://de.wikipedia.org/wiki/Musculus_piriformis
M. plantaris;Untere Extremität;Fuß & Sprunggelenk;Ursprung;abweichend;Femur, Facies poplitea;Linea supracondylaris lateralis · (Unterer seitlicher Teil des Femur);;https://de.wikipedia.org/wiki/Musculus_plantaris
M. plantaris;Untere Extremität;Fuß & Sprunggelenk;Ansatz;abweichend;Tuber calcanei;Posteriore Fläche des Calcaneus über Achillessehne;;https://de.wikipedia.org/wiki/Musculus_plantaris
M. plantaris;Untere Extremität;Fuß & Sprunggelenk;Funktion;Freitext — nur lesen;"Schwächer Plantarflexor und Kniebeuger; bei fehlendem Muskel übernehmen Gastrocnemius und Soleus vollständig seine Funktion";Kniebeugung, Innenrotation des Unterschenkels;;https://de.wikipedia.org/wiki/Musculus_plantaris
M. plantaris;Untere Extremität;Fuß & Sprunggelenk;Innervation;gleich;N. tibialis;Nervus tibialis;;https://de.wikipedia.org/wiki/Musculus_plantaris
M. plantaris;Untere Extremität;Fuß & Sprunggelenk;Segmente;nur Wikipedia;;L5, S1-2;;https://de.wikipedia.org/wiki/Musculus_plantaris
M. popliteus;Untere Extremität;Knie;Ursprung;abweichend;Epicondylus lateralis femoris, Hinterseite der Gelenkkapsel, Meniscus lateralis;Condylus lateralis femoris (äußerer Gelenkkopf des Femurs);;https://de.wikipedia.org/wiki/Musculus_popliteus
M. popliteus;Untere Extremität;Knie;Ansatz;abweichend;Tibia, Facies posterior;Obere hintere Fläche der Tibia;;https://de.wikipedia.org/wiki/Musculus_popliteus
M. popliteus;Untere Extremität;Knie;Funktion;Freitext — nur lesen;Leitet die Kniebeugung ein, rotiert den Unterschenkel nach innen und entlastet den Außenmeniskus;Kniebeugung/-streckung, Rückzug des lateralen Meniskus im gebeugten Knie, Innenrotation des Unterschenkels bzw. Außenrotation des Oberschenkels;;https://de.wikipedia.org/wiki/Musculus_popliteus
M. popliteus;Untere Extremität;Knie;Innervation;gleich;N. tibialis;Nervus tibialis;;https://de.wikipedia.org/wiki/Musculus_popliteus
M. popliteus;Untere Extremität;Knie;Segmente;abweichend;L4, L5, S1;L4, L5;nur bei mir: S1;https://de.wikipedia.org/wiki/Musculus_popliteus
M. procerus;Kopf & Hals;Mimikmuskulatur;Ursprung;abweichend;Nasenwurzel / Dorsalfläche der Nase (Nasenknorpel und Os nasale);Nasenbein, Nasenknorpel;;https://de.wikipedia.org/wiki/Musculus_procerus
M. procerus;Kopf & Hals;Mimikmuskulatur;Ansatz;abweichend;Haut über der Glabella und der unteren Stirn;Stirnhaut;;https://de.wikipedia.org/wiki/Musculus_procerus
M. procerus;Kopf & Hals;Mimikmuskulatur;Funktion;Freitext — nur lesen;"Der M. procerus zieht die Haut über der Glabella nach kaudal und erzeugt Querfalten an der Nasenwurzel; er senkt den medialen Augenbrauenanteil und antagonisiert den M. frontalis.";Herabziehen der Augenbrauen, Erweiterung der Nasenlöcher;;https://de.wikipedia.org/wiki/Musculus_procerus
M. procerus;Kopf & Hals;Mimikmuskulatur;Innervation;teils gleich;N. facialis (VII);Nervus facialis (Hirnnerv VII);;https://de.wikipedia.org/wiki/Musculus_procerus
M. procerus;Kopf & Hals;Mimikmuskulatur;Segmente;beide leer;;;;https://de.wikipedia.org/wiki/Musculus_procerus
M. pronator quadratus;Obere Extremität;Ellenbogen;Ursprung;abweichend;Distales Viertel der Facies anterior ulnae;Vorderfläche der Ulna;;https://de.wikipedia.org/wiki/Musculus_pronator_quadratus
M. pronator quadratus;Obere Extremität;Ellenbogen;Ansatz;abweichend;Distales Viertel der Facies anterior radii;Vorderfläche des Radius;;https://de.wikipedia.org/wiki/Musculus_pronator_quadratus
M. pronator quadratus;Obere Extremität;Ellenbogen;Funktion;Freitext — nur lesen;"Pronation im Unterarm; stabilisiert Radius und Ulna distal";Pronation des Unterarms;;https://de.wikipedia.org/wiki/Musculus_pronator_quadratus
M. pronator quadratus;Obere Extremität;Ellenbogen;Innervation;teils gleich;N. medianus;Nervus interosseus anterior aus dem Nervus medianus;;https://de.wikipedia.org/wiki/Musculus_pronator_quadratus
M. pronator quadratus;Obere Extremität;Ellenbogen;Segmente;gleich;C8, Th1;C8–Th1;;https://de.wikipedia.org/wiki/Musculus_pronator_quadratus
M. pronator teres;Obere Extremität;Ellenbogen;Ursprung;teils gleich;Epicondylus medialis humeri, mediale Seite der Tuberositas ulnae;Caput humerale: Epicondylus medialis humeri, · Caput ulnare: Processus coronoideus ulnae;;https://de.wikipedia.org/wiki/Musculus_pronator_teres
M. pronator teres;Obere Extremität;Ellenbogen;Ansatz;abweichend;Facies lateralis radii;Mitte der Außenseite der Speiche (Tuberositas pronatoria);;https://de.wikipedia.org/wiki/Musculus_pronator_teres
M. pronator teres;Obere Extremität;Ellenbogen;Funktion;Freitext — nur lesen;"Pronation im Unterarm; unterstützt die Ellenbogenflexion";Pronation des Unterarms, gering: Beugung im Ellenbogengelenk;;https://de.wikipedia.org/wiki/Musculus_pronator_teres
M. pronator teres;Obere Extremität;Ellenbogen;Innervation;gleich;N. medianus;Nervus medianus;;https://de.wikipedia.org/wiki/Musculus_pronator_teres
M. pronator teres;Obere Extremität;Ellenbogen;Segmente;gleich;C6, C7;C6, (C7);;https://de.wikipedia.org/wiki/Musculus_pronator_teres
M. psoas major;Untere Extremität;Hüfte;Ursprung;abweichend;"Wirbelkörper (BWK 12 / LWK 1–4) und Disci intervertebrales; Procc. costales LWK 1–5 (tiefer Anteil)";oberflächlicher Anteil: * Seitenflächen Brustwirbelkörper 12 * Lendenwirbelkörper 1–4 und dazwischenliegende Bandscheiben tiefer Anteil: Rippenfortsätze Lendenwirbelkörper 1–5;;https://de.wikipedia.org/wiki/Musculus_psoas_major
M. psoas major;Untere Extremität;Hüfte;Ansatz;teils gleich;Trochanter minor des Femur;als Lenden-Darmbeinmuskel (Musculus iliopsoas) am Trochanter minor des Oberschenkelknochens (Femur);;https://de.wikipedia.org/wiki/Musculus_psoas_major
M. psoas major;Untere Extremität;Hüfte;Funktion;Freitext — nur lesen;"Beugt die Hüfte und adduziert den Oberschenkel; bei fixiertem Femur verstärkt er die Lendenlordose; wirkt zudem als Außenrotator im Hüftgelenk";Hüftgelenk: * Beugung (Flexion) * Auswärtsdrehung (Außenrotation) * Kapselspanner des Hüftgelenks Wirbelsäule: * Beugung (Inklination) * Seitneigung (Lateralflexion);;https://de.wikipedia.org/wiki/Musculus_psoas_major
M. psoas major;Untere Extremität;Hüfte;Innervation;gleich (andere Worte);Plexus lumbalis;Plexus lumbalis und Nervus femoralis;;https://de.wikipedia.org/wiki/Musculus_psoas_major
M. psoas major;Untere Extremität;Hüfte;Segmente;abweichend;L1, L2, L3;L1–L4;nur Wikipedia: L4;https://de.wikipedia.org/wiki/Musculus_psoas_major
M. psoas minor;Untere Extremität;Hüfte;Ursprung;abweichend;Wirbelkörper Th12/L1;12. Brust- und 1. Lendenwirbel;;https://de.wikipedia.org/wiki/Musculus_psoas_minor
M. psoas minor;Untere Extremität;Hüfte;Ansatz;teils gleich;Eminentia iliopubica;mit Arcus iliopectineus und Eminentia iliopubica des Schambeins;;https://de.wikipedia.org/wiki/Musculus_psoas_minor
M. psoas minor;Untere Extremität;Hüfte;Funktion;Freitext — nur lesen;Kippt das Becken nach dorsal (Retroversion) und unterstützt die Stabilisierung der Lendenwirbelsäule in Streckstellung;Lendenwirbelsäule: Beugung (Inklination) und Seitwärtsneigung (Lateralflexion);;https://de.wikipedia.org/wiki/Musculus_psoas_minor
M. psoas minor;Untere Extremität;Hüfte;Innervation;abweichend;Plexus lumbalis;Nervus iliohypogastricus;;https://de.wikipedia.org/wiki/Musculus_psoas_minor
M. psoas minor;Untere Extremität;Hüfte;Segmente;abweichend;L1;L1 und L2;nur Wikipedia: L2;https://de.wikipedia.org/wiki/Musculus_psoas_minor
M. pterygoideus lateralis;Kopf & Hals;Kaumuskulatur;Ursprung;abweichend;"Caput superius: Facies infratemporalis des Os sphenoidale; Caput inferius: Caput laterale des Proc. condylaris";Pars superior: · Lamina lateralis des Ala major ossis sphenoidalis Pars inferior: · äußere Fläche der Lamina lateralis des Processus pterygoideus;;https://de.wikipedia.org/wiki/Musculus_pterygoideus_lateralis
M. pterygoideus lateralis;Kopf & Hals;Kaumuskulatur;Ansatz;abweichend;"Capsula articularis und Discus articularis (Caput superius); Proc. condylaris mandibulae (Caput inferius)";Pars superior: · Discus articularis des Kiefergelenks Pars inferior: · Processus condylaris des Unterkiefers;;https://de.wikipedia.org/wiki/Musculus_pterygoideus_lateralis
M. pterygoideus lateralis;Kopf & Hals;Kaumuskulatur;Funktion;Freitext — nur lesen;Der M. pterygoideus lateralis öffnet bei beidseitiger Kontraktion den Mund und zieht den Unterkiefer nach vorn. Bei einseitiger Aktivität verschiebt er den Unterkiefer zur Gegenseite (Laterotrusion) und ermöglicht damit Mahlbewegungen.;beidseitige Kontraktion: · Protrusion (Vorschieben des Unterkiefers und Vorverschiebung des Discus articularis) einseitige Bewegung: · ermöglicht Mahlbewegung;;https://de.wikipedia.org/wiki/Musculus_pterygoideus_lateralis
M. pterygoideus lateralis;Kopf & Hals;Kaumuskulatur;Innervation;teils gleich;N. pterygoideus lateralis (V3, N. trigeminus);N. pterygoideus lateralis aus dem Nervus mandibularis;;https://de.wikipedia.org/wiki/Musculus_pterygoideus_lateralis
M. pterygoideus lateralis;Kopf & Hals;Kaumuskulatur;Segmente;beide leer;;;;https://de.wikipedia.org/wiki/Musculus_pterygoideus_lateralis
M. pterygoideus medialis;Kopf & Hals;Kaumuskulatur;Ursprung;teils gleich;"M. pterygoideus medialis (Pars superficialis): Fossa pterygoidea; Tuber maxillae";Fossa pterygoidea, Lamina lateralis des Proc. pterygoideus des Keilbeins und dem Tuber maxillae;;https://de.wikipedia.org/wiki/Musculus_pterygoideus_medialis
M. pterygoideus medialis;Kopf & Hals;Kaumuskulatur;Ansatz;teils gleich;Tuberositas pterygoidea (Innenfläche des Ramus mandibulae);Tuberositas pterygoidea am äußeren Unterkieferwinkel (Angulus mandibulae des Unterkiefers);;https://de.wikipedia.org/wiki/Musculus_pterygoideus_medialis
M. pterygoideus medialis;Kopf & Hals;Kaumuskulatur;Funktion;Freitext — nur lesen;Der M. pterygoideus medialis schließt gemeinsam mit dem M. masseter den Mund und hebt den Unterkiefer an. Er ermöglicht zudem Protrusion und Mahlbewegungen des Unterkiefers (Laterotrusion zur Gegenseite).;Anheben des Unterkiefers, Kieferschluss;;https://de.wikipedia.org/wiki/Musculus_pterygoideus_medialis
M. pterygoideus medialis;Kopf & Hals;Kaumuskulatur;Innervation;abweichend;N. pterygoideus medialis (V3, N. trigeminus);Nervus mandibularis;;https://de.wikipedia.org/wiki/Musculus_pterygoideus_medialis
M. pterygoideus medialis;Kopf & Hals;Kaumuskulatur;Segmente;beide leer;;;;https://de.wikipedia.org/wiki/Musculus_pterygoideus_medialis
M. quadratus femoris;Untere Extremität;Hüfte;Ursprung;gleich (andere Worte);Tuber ischiadicum (lateral);Tuber ischiadicum;;https://de.wikipedia.org/wiki/Musculus_quadratus_femoris
M. quadratus femoris;Untere Extremität;Hüfte;Ansatz;teils gleich;Crista intertrochanterica des Femur;Crista intertrochanterica des Oberschenkelknochens;;https://de.wikipedia.org/wiki/Musculus_quadratus_femoris
M. quadratus femoris;Untere Extremität;Hüfte;Funktion;Freitext — nur lesen;"Dreht den Oberschenkel nach außen und zieht ihn leicht zur Körpermitte (Adduktion); liegt zwischen Tuber ischiadicum und Crista intertrochanterica";Dreht Oberschenkel nach außen;;https://de.wikipedia.org/wiki/Musculus_quadratus_femoris
M. quadratus femoris;Untere Extremität;Hüfte;Innervation;abweichend;Plexus sacralis;Nervus musculi quadrati femoris, selten auch Nervus ischiadicus;;https://de.wikipedia.org/wiki/Musculus_quadratus_femoris
M. quadratus femoris;Untere Extremität;Hüfte;Segmente;gleich;L4, L5, S1;L4-S1;;https://de.wikipedia.org/wiki/Musculus_quadratus_femoris
M. quadratus lumborum;Wirbelsäule & Rumpf;Bauchmuskulatur;Ursprung;teils gleich;Crista iliaca, Lig. iliolumbale;Darmbein (Crista iliaca);;https://de.wikipedia.org/wiki/Musculus_quadratus_lumborum
M. quadratus lumborum;Wirbelsäule & Rumpf;Bauchmuskulatur;Ansatz;abweichend;12. Rippe, Procc. costarii L1–L4;Unterkante der untersten Rippe, Querfortsätze der 1.–4. Lendenwirbel;;https://de.wikipedia.org/wiki/Musculus_quadratus_lumborum
M. quadratus lumborum;Wirbelsäule & Rumpf;Bauchmuskulatur;Funktion;Freitext — nur lesen;"Hebt einseitig das Becken und neigt die LWS zur gleichen Seite; beidseitig stabilisiert er Lendenregion und 12. Rippe";Senkung des untersten, 12. Rippenpaares, Seitwärtsneigung des Rumpfes;;https://de.wikipedia.org/wiki/Musculus_quadratus_lumborum
M. quadratus lumborum;Wirbelsäule & Rumpf;Bauchmuskulatur;Innervation;teils gleich;Plexus lumbalis;Nervus subcostalis und Rami musculares aus Plexus lumbalis;;https://de.wikipedia.org/wiki/Musculus_quadratus_lumborum
M. quadratus lumborum;Wirbelsäule & Rumpf;Bauchmuskulatur;Segmente;gleich;Th12, L1–L4;Th12 und L1-L4;;https://de.wikipedia.org/wiki/Musculus_quadratus_lumborum
M. quadratus plantae;Untere Extremität;Fuß & Sprunggelenk;Ursprung;abweichend;Tuber calcanei (plantare Seite);Plantarfläche des Fersenbeines;;https://de.wikipedia.org/wiki/Musculus_quadratus_plantae
M. quadratus plantae;Untere Extremität;Fuß & Sprunggelenk;Ansatz;abweichend;M. flexor digitorum longus (Endsehne);Sehne des Langen Zehenbeugers;;https://de.wikipedia.org/wiki/Musculus_quadratus_plantae
M. quadratus plantae;Untere Extremität;Fuß & Sprunggelenk;Funktion;Freitext — nur lesen;Richtet die Zugrichtung des langen Zehenbeugers aus und unterstützt das Beugen der Kleinzehen;Änderung Zugrichtung der Sehne des Musculus flexor digitorum longus;;https://de.wikipedia.org/wiki/Musculus_quadratus_plantae
M. quadratus plantae;Untere Extremität;Fuß & Sprunggelenk;Innervation;gleich (andere Worte);N. tibialis (N. plantaris lateralis);Nervus plantaris lateralis;;https://de.wikipedia.org/wiki/Musculus_quadratus_plantae
M. quadratus plantae;Untere Extremität;Fuß & Sprunggelenk;Segmente;nur Wikipedia;;S1, S2;;https://de.wikipedia.org/wiki/Musculus_quadratus_plantae
M. rectus abdominis;Wirbelsäule & Rumpf;Bauchmuskulatur;Ursprung;teils gleich;Proc. xiphoideus, Rippenknorpel 5–7;5. bis 7. Rippenknorpel, Brustbein;;https://de.wikipedia.org/wiki/Musculus_rectus_abdominis
M. rectus abdominis;Wirbelsäule & Rumpf;Bauchmuskulatur;Ansatz;abweichend;Symphysis pubica, Os pubis;Becken (Crista pubica);;https://de.wikipedia.org/wiki/Musculus_rectus_abdominis
M. rectus abdominis;Wirbelsäule & Rumpf;Bauchmuskulatur;Funktion;Freitext — nur lesen;Der M. rectus abdominis beugt den Rumpf nach ventral, indem er Brustkorb und Becken annähert. Darüber hinaus erhöht er den intraabdominalen Druck und unterstützt damit Bauchpresse, Defäkation, Miktion und Geburt.;Bauchpresse, Hebung des Beckens, Thoraxsenkung, Rumpfbeugung;;https://de.wikipedia.org/wiki/Musculus_rectus_abdominis
M. rectus abdominis;Wirbelsäule & Rumpf;Bauchmuskulatur;Innervation;teils gleich;Nn. intercostales;Nervi intercostales (7.–12. Ast);;https://de.wikipedia.org/wiki/Musculus_rectus_abdominis
M. rectus abdominis;Wirbelsäule & Rumpf;Bauchmuskulatur;Segmente;nur bei mir;Th5–Th12;;;https://de.wikipedia.org/wiki/Musculus_rectus_abdominis
M. rectus femoris;Untere Extremität;Knie;Ursprung;gleich (andere Worte);Spina iliaca anterior inferior und Azetabulum (oberer Rand);Darmbein (Spina iliaca anterior inferior und oberer Rand des Acetabulums);;https://de.wikipedia.org/wiki/Musculus_rectus_femoris
M. rectus femoris;Untere Extremität;Knie;Ansatz;teils gleich;Tuberositas tibiae (via Patellarsehne);Basis der Kniescheibe, Tuberositas tibiae des Schienbeins;;https://de.wikipedia.org/wiki/Musculus_rectus_femoris
M. rectus femoris;Untere Extremität;Knie;Funktion;Freitext — nur lesen;"Beugt die Hüfte im Hüftgelenk (Flexion in der Art. coxae); streckt das Kniegelenk als Teil des Quadriceps (Extension in der Art. genus)";Strecker des Kniegelenks, Beuger des Hüftgelenks;;https://de.wikipedia.org/wiki/Musculus_rectus_femoris
M. rectus femoris;Untere Extremität;Knie;Innervation;gleich;N. femoralis;Nervus femoralis;;https://de.wikipedia.org/wiki/Musculus_rectus_femoris
M. rectus femoris;Untere Extremität;Knie;Segmente;gleich;L2, L3, L4;L2-L4;;https://de.wikipedia.org/wiki/Musculus_rectus_femoris
M. rhomboideus major;Obere Extremität;Schultergürtel;Ursprung;abweichend;Procc. spinosi Th1–Th4;Dornfortsätze des 1.–4. Brustwirbels, Ligamentum supraspinale;;https://de.wikipedia.org/wiki/Musculus_rhomboideus_major
M. rhomboideus major;Obere Extremität;Schultergürtel;Ansatz;teils gleich;Margo medialis scapulae;Schulterblatt, Margo medialis;;https://de.wikipedia.org/wiki/Musculus_rhomboideus_major
M. rhomboideus major;Obere Extremität;Schultergürtel;Funktion;Freitext — nur lesen;Retraktion, leichte Elevation und Abwärtsrotation der Scapula;Zurückziehen des Schulterblatts;;https://de.wikipedia.org/wiki/Musculus_rhomboideus_major
M. rhomboideus major;Obere Extremität;Schultergürtel;Innervation;gleich;N. dorsalis scapulae;Nervus dorsalis scapulae;;https://de.wikipedia.org/wiki/Musculus_rhomboideus_major
M. rhomboideus major;Obere Extremität;Schultergürtel;Segmente;abweichend;C4, C5;C4-C6;nur Wikipedia: C6;https://de.wikipedia.org/wiki/Musculus_rhomboideus_major
M. rhomboideus minor;Obere Extremität;Schultergürtel;Ursprung;abweichend;Procc. spinosi C6–C7 und Lig. nuchae;Dornfortsätze des 6. und 7. Halswirbel-, Ligamentum nuchae;;https://de.wikipedia.org/wiki/Musculus_rhomboideus_minor
M. rhomboideus minor;Obere Extremität;Schultergürtel;Ansatz;abweichend;Margo medialis scapulae;Schulterblatt;;https://de.wikipedia.org/wiki/Musculus_rhomboideus_minor
M. rhomboideus minor;Obere Extremität;Schultergürtel;Funktion;Freitext — nur lesen;Retraktion, leichte Elevation und Abwärtsrotation der Scapula;Zurückziehen des Schulterblatts;;https://de.wikipedia.org/wiki/Musculus_rhomboideus_minor
M. rhomboideus minor;Obere Extremität;Schultergürtel;Innervation;gleich;N. dorsalis scapulae;Nervus dorsalis scapulae;;https://de.wikipedia.org/wiki/Musculus_rhomboideus_minor
M. rhomboideus minor;Obere Extremität;Schultergürtel;Segmente;gleich;C4, C5;C4, C5;;https://de.wikipedia.org/wiki/Musculus_rhomboideus_minor
M. sartorius;Untere Extremität;Hüfte;Ursprung;teils gleich;Spina iliaca anterior superior;Becken (vorderer oberer Darmbeinstachel, Spina iliaca anterior superior);;https://de.wikipedia.org/wiki/Musculus_sartorius
M. sartorius;Untere Extremität;Hüfte;Ansatz;abweichend;Tibia, Facies medialis (Pes anserinus);Pes anserinus superficialis;;https://de.wikipedia.org/wiki/Musculus_sartorius
M. sartorius;Untere Extremität;Hüfte;Funktion;Freitext — nur lesen;"Beugt und dreht die Hüfte nach außen; abduziert; im Kniegelenk bewirkt er Beugung und Innenrotation des Unterschenkels – typische Schneidersitzposition";Hüftgelenk: Beugung, Außenrotation, Abduktion Kniegelenk: Beugung, Innenrotation;;https://de.wikipedia.org/wiki/Musculus_sartorius
M. sartorius;Untere Extremität;Hüfte;Innervation;gleich;N. femoralis;Nervus femoralis;;https://de.wikipedia.org/wiki/Musculus_sartorius
M. sartorius;Untere Extremität;Hüfte;Segmente;gleich;L2, L3;L2, L3;;https://de.wikipedia.org/wiki/Musculus_sartorius
M. semimembranosus;Untere Extremität;Knie;Ursprung;gleich (andere Worte);Tuber ischiadicum;Sitzbeinhöcker (Tuber ischiadicum);;https://de.wikipedia.org/wiki/Musculus_semimembranosus
M. semimembranosus;Untere Extremität;Knie;Ansatz;gleich (andere Worte);"Condylus medialis tibiae; Lig. popliteum obliquum";Condylus medialis der Tibia im sog. Pes anserinus profundus (Condylus medialis tibiae, Lig. popliteum obliquum, Faszie des M. popliteus);;https://de.wikipedia.org/wiki/Musculus_semimembranosus
M. semimembranosus;Untere Extremität;Knie;Funktion;Freitext — nur lesen;"Streckt die Hüfte (Extension in der Art. coxae) und beugt das Knie (Flexion in der Art. genus); bei gebeugtem Knie Innenrotation des Unterschenkels; zieht den Meniscus lateralis nach dorsal";Hüftgelenk: Streckung, Adduktion Kniegelenk: Beugung, Innenrotation;;https://de.wikipedia.org/wiki/Musculus_semimembranosus
M. semimembranosus;Untere Extremität;Knie;Innervation;gleich;N. tibialis;Nervus tibialis;;https://de.wikipedia.org/wiki/Musculus_semimembranosus
M. semimembranosus;Untere Extremität;Knie;Segmente;gleich;L5, S1, S2;L5-S2;;https://de.wikipedia.org/wiki/Musculus_semimembranosus
M. semispinalis;Wirbelsäule & Rumpf;Rückenmuskulatur;Ursprung;abweichend;"M. semispinalis capitis: Procc. transversi der hochthorakalen Wirbel und C3–C6; M. semispinalis cervicis: Procc. transversi der thorakalen Wirbel und C7; M. semispinalis thoracis: Procc. transversi Th7–Th12";Quer- und Zitzenfortsätze der Brust- und Halswirbel;;https://de.wikipedia.org/wiki/Musculus_semispinalis
M. semispinalis;Wirbelsäule & Rumpf;Rückenmuskulatur;Ansatz;abweichend;"Linea nuchalis superior/inferior (capitis); Procc. spinosi C2–Th1 (cervicis); Procc. spinosi Th1–Th6, C6–C7 (thoracis)";Dornfortsätze der Wirbel, Hinterhauptsbein;;https://de.wikipedia.org/wiki/Musculus_semispinalis
M. semispinalis;Wirbelsäule & Rumpf;Rückenmuskulatur;Funktion;Freitext — nur lesen;"Beidseitig aktiv streckt der M. semispinalis HWS und BWS kräftig durch; bei einseitiger Kontraktion dreht er den Kopf und die Halswirbelsäule zur Gegenseite, was ihm eine wichtige Rolle bei Rotationsbewegungen des Kopfes verleiht.";Strecken und Seitwärtsbiegen der Wirbelsäule;;https://de.wikipedia.org/wiki/Musculus_semispinalis
M. semispinalis;Wirbelsäule & Rumpf;Rückenmuskulatur;Innervation;gleich (andere Worte);Rr. dorsales der Spinalnerven;Spinalnerven (Rami dorsales);;https://de.wikipedia.org/wiki/Musculus_semispinalis
M. semispinalis;Wirbelsäule & Rumpf;Rückenmuskulatur;Segmente;beide leer;;;;https://de.wikipedia.org/wiki/Musculus_semispinalis
M. semitendinosus;Untere Extremität;Knie;Ursprung;teils gleich;Tuber ischiadicum;Sitzbeinhöcker (Tuber ischiadicum) des Hüftbeins;;https://de.wikipedia.org/wiki/Musculus_semitendinosus
M. semitendinosus;Untere Extremität;Knie;Ansatz;teils gleich;Tibia, Facies medialis (Pes anserinus);Obere, innere Fläche der Tibia (Pes anserinus superficialis);;https://de.wikipedia.org/wiki/Musculus_semitendinosus
M. semitendinosus;Untere Extremität;Knie;Funktion;Freitext — nur lesen;"Streckt die Hüfte (Extension in der Art. coxae) und beugt das Knie (Flexion in der Art. genus); bei gebeugtem Knie Innenrotation des Unterschenkels";Streckung und Adduktion im Hüftgelenk, Beugung und Innenrotation im Kniegelenk;;https://de.wikipedia.org/wiki/Musculus_semitendinosus
M. semitendinosus;Untere Extremität;Knie;Innervation;gleich;N. tibialis;Nervus tibialis;;https://de.wikipedia.org/wiki/Musculus_semitendinosus
M. semitendinosus;Untere Extremität;Knie;Segmente;gleich;L5, S1, S2;L5-S2;;https://de.wikipedia.org/wiki/Musculus_semitendinosus
M. serratus anterior;Obere Extremität;Schultergürtel;Ursprung;abweichend;"Pars superior: 1.–2. Rippe; Pars intermedia: 2.–3. Rippe; Pars inferior: 4.–9./10. Rippe";Obere neun Rippen;;https://de.wikipedia.org/wiki/Musculus_serratus_anterior
M. serratus anterior;Obere Extremität;Schultergürtel;Ansatz;gleich (andere Worte);"Angulus superior (Pars superior); Margo medialis (Pars intermedia); Angulus inferior (Pars inferior)";Margo medialis und Angulus inferior und superior des Schulterblatts;;https://de.wikipedia.org/wiki/Musculus_serratus_anterior
M. serratus anterior;Obere Extremität;Schultergürtel;Funktion;Freitext — nur lesen;"Protraktion und Stabilisierung der Scapula am Thorax; Pars inferior unterstützt die Aufwärtsrotation";kippt das Schulterblatt: * nach vorn zur Anteversion des Arms * nach außen zur Elevation des Arms;;https://de.wikipedia.org/wiki/Musculus_serratus_anterior
M. serratus anterior;Obere Extremität;Schultergürtel;Innervation;gleich;N. thoracicus longus;Nervus thoracicus longus;;https://de.wikipedia.org/wiki/Musculus_serratus_anterior
M. serratus anterior;Obere Extremität;Schultergürtel;Segmente;gleich;C5, C6, C7;C5-C7;;https://de.wikipedia.org/wiki/Musculus_serratus_anterior
M. serratus posterior inferior;Wirbelsäule & Rumpf;Rückenmuskulatur;Ursprung;abweichend;Procc. spinosi Th11–L2, Fascia thoracolumbalis;11. Brust- bis 3. Lendenwirbel;;https://de.wikipedia.org/wiki/Musculus_serratus_posterior_inferior
M. serratus posterior inferior;Wirbelsäule & Rumpf;Rückenmuskulatur;Ansatz;teils gleich;9.–12. Rippe (lateral der Anguli costae);9.–12. Rippe;;https://de.wikipedia.org/wiki/Musculus_serratus_posterior_inferior
M. serratus posterior inferior;Wirbelsäule & Rumpf;Rückenmuskulatur;Funktion;Freitext — nur lesen;Senkt die unteren Rippen und unterstützt die forcierte Ausatmung;Hilfsinspirator;;https://de.wikipedia.org/wiki/Musculus_serratus_posterior_inferior
M. serratus posterior inferior;Wirbelsäule & Rumpf;Rückenmuskulatur;Innervation;abweichend;Nn. intercostales;Nervi intercostales (Spinalnerven des Brustteils des Rückenmarks);;https://de.wikipedia.org/wiki/Musculus_serratus_posterior_inferior
M. serratus posterior inferior;Wirbelsäule & Rumpf;Rückenmuskulatur;Segmente;abweichend;Th9–Th12;Th11-L3;nur bei mir: Th9, Th10 | nur Wikipedia: L1, L2, L3;https://de.wikipedia.org/wiki/Musculus_serratus_posterior_inferior
M. serratus posterior superior;Wirbelsäule & Rumpf;Rückenmuskulatur;Ursprung;abweichend;Procc. spinosi C6–Th2, Lig. nuchae;Nackenband, Dornfortsätze C6 - Th2, Ligamentum supraspinale;;https://de.wikipedia.org/wiki/Musculus_serratus_posterior_superior
M. serratus posterior superior;Wirbelsäule & Rumpf;Rückenmuskulatur;Ansatz;teils gleich;2.–5. Rippe (lateral der Anguli costae);2.–5. Rippe;;https://de.wikipedia.org/wiki/Musculus_serratus_posterior_superior
M. serratus posterior superior;Wirbelsäule & Rumpf;Rückenmuskulatur;Funktion;Freitext — nur lesen;Hebt die oberen Rippen und unterstützt die Einatmung;Einatmung;;https://de.wikipedia.org/wiki/Musculus_serratus_posterior_superior
M. serratus posterior superior;Wirbelsäule & Rumpf;Rückenmuskulatur;Innervation;abweichend;Nn. intercostales;Nervi intercostales (Spinalnerven des Brustteils des Rückenmarks);;https://de.wikipedia.org/wiki/Musculus_serratus_posterior_superior
M. serratus posterior superior;Wirbelsäule & Rumpf;Rückenmuskulatur;Segmente;abweichend;Th1–Th4;Th2-Th5;nur bei mir: Th1 | nur Wikipedia: Th5;https://de.wikipedia.org/wiki/Musculus_serratus_posterior_superior
M. soleus;Untere Extremität;Fuß & Sprunggelenk;Ursprung;abweichend;Dorsale Tibia, Fibula und Arcus tendineus;Hinterflächen von Schienbein (Linea musculi solei) und Wadenbein;;https://de.wikipedia.org/wiki/Musculus_soleus
M. soleus;Untere Extremität;Fuß & Sprunggelenk;Ansatz;gleich (andere Worte);Tuber calcanei (über Achillessehne);Posteriore Fläche des Calcaneus (Tuber calcanei) über die Achillessehne;;https://de.wikipedia.org/wiki/Musculus_soleus
M. soleus;Untere Extremität;Fuß & Sprunggelenk;Funktion;Freitext — nur lesen;"Plantarflektiert den Fuß unabhängig von der Kniestellung; supiniert; als stärkster Plantarflexor ist er beim Gehen, Laufen und Treppensteigen essentiell";Plantarflexion;;https://de.wikipedia.org/wiki/Musculus_soleus
M. soleus;Untere Extremität;Fuß & Sprunggelenk;Innervation;gleich;N. tibialis;Nervus tibialis;;https://de.wikipedia.org/wiki/Musculus_soleus
M. soleus;Untere Extremität;Fuß & Sprunggelenk;Segmente;nur Wikipedia;;L5, S1;;https://de.wikipedia.org/wiki/Musculus_soleus
M. sternocleidomastoideus;Kopf & Hals;Halsmuskulatur;Ursprung;teils gleich;"Caput sternale: Manubrium sterni; Caput claviculare: Mediales Klavikuladrittel";Caput laterale: Oberkante und Vorderfläche des medialen Drittels des Schlüsselbeines (Extremitas sternalis claviculae), · Caput mediale: Vorderfläche des Manubrium sterni des Brustbeines;;https://de.wikipedia.org/wiki/Musculus_sternocleidomastoideus
M. sternocleidomastoideus;Kopf & Hals;Halsmuskulatur;Ansatz;teils gleich;"Proc. mastoideus; Linea nuchalis superior (lateraler Anteil)";Außenseite des Processus mastoideus des Schläfenbeines und · Linea nuchae superior des Hinterhauptsbeines;;https://de.wikipedia.org/wiki/Musculus_sternocleidomastoideus
M. sternocleidomastoideus;Kopf & Hals;Halsmuskulatur;Funktion;Freitext — nur lesen;"Beidseitig zieht der M. sternocleidomastoideus den Kopf in Inklination (Nickbewegung); einseitig rotiert er den Kopf zur Gegenseite und neigt ihn zur gleichen Seite. Er ist zudem ein wichtiger Atemhilfsmuskel bei forcierter Inspiration.";einseitig: Lateralflexion nach ipsilateral und Rotation des Kopfes nach kontralateral bei gleichzeitiger Reklination beidseitig: Extension (Reklination) des Halses und forcierte Inspiration durch Anheben des Schultergürtels;;https://de.wikipedia.org/wiki/Musculus_sternocleidomastoideus
M. sternocleidomastoideus;Kopf & Hals;Halsmuskulatur;Innervation;gleich (andere Worte);N. accessorius (XI), Plexus cervicalis C2–C3;Nervus accessorius und Rr. ant. des Plexus cervicalis;;https://de.wikipedia.org/wiki/Musculus_sternocleidomastoideus
M. sternocleidomastoideus;Kopf & Hals;Halsmuskulatur;Segmente;abweichend;C2–C3;(C1) C2-C4;nur Wikipedia: C1, C4;https://de.wikipedia.org/wiki/Musculus_sternocleidomastoideus
M. sternohyoideus;Kopf & Hals;Infrahyoidale Muskeln;Ursprung;teils gleich;Manubrium sterni und Articulatio sternoclavicularis;Hinterseite Brustbein (Manubrium sterni) und Sternoclaviculargelenk;;https://de.wikipedia.org/wiki/Musculus_sternohyoideus
M. sternohyoideus;Kopf & Hals;Infrahyoidale Muskeln;Ansatz;abweichend;Corpus ossis hyoidei;Zungenbein;;https://de.wikipedia.org/wiki/Musculus_sternohyoideus
M. sternohyoideus;Kopf & Hals;Infrahyoidale Muskeln;Funktion;Freitext — nur lesen;Der M. sternohyoideus senkt das Zungenbein nach dem Schluckakt wieder in die Ruhelage und zieht es nach kaudal. Er spielt zudem bei der Regulierung der Kehlkopfposition während der Phonation eine wichtige Rolle.;zieht das Zungenbein nach unten (Fixierung des Zungenbeins), Verlagerung Kehlkopf und Zungenbein nach unten;;https://de.wikipedia.org/wiki/Musculus_sternohyoideus
M. sternohyoideus;Kopf & Hals;Infrahyoidale Muskeln;Innervation;gleich (andere Worte);Ansa cervicalis;Ansa cervicalis (Plexus cervicalis), sowie C4;;https://de.wikipedia.org/wiki/Musculus_sternohyoideus
M. sternohyoideus;Kopf & Hals;Infrahyoidale Muskeln;Segmente;nur bei mir;C1–C3;;;https://de.wikipedia.org/wiki/Musculus_sternohyoideus
M. sternothyroideus;Kopf & Hals;Infrahyoidale Muskeln;Ursprung;teils gleich;Manubrium sterni (Innenfläche);Hinterseite des Brustbeins (Manubrium sterni);;https://de.wikipedia.org/wiki/Musculus_sternothyroideus
M. sternothyroideus;Kopf & Hals;Infrahyoidale Muskeln;Ansatz;teils gleich;Cartilago thyroidea (Linea obliqua);Schildknorpel (Cartilago thyroidea);;https://de.wikipedia.org/wiki/Musculus_sternothyroideus
M. sternothyroideus;Kopf & Hals;Infrahyoidale Muskeln;Funktion;Freitext — nur lesen;"Der M. sternothyroideus zieht den Kehlkopf nach kaudal; er senkt die Stimmlippen und ermöglicht damit tiefere Tonlagen. Nach dem Schlucken führt er gemeinsam mit den anderen infrahyoidalen Muskeln den Kehlkopf in die Ausgangsposition zurück.";zieht das Zungenbein nach unten (Fixierung des Zungenbeins), verlagert Kehlkopf und Zungenbein nach unten;;https://de.wikipedia.org/wiki/Musculus_sternothyroideus
M. sternothyroideus;Kopf & Hals;Infrahyoidale Muskeln;Innervation;gleich (andere Worte);Ansa cervicalis;Ansa cervicalis (Plexus cervicalis), sowie C4;;https://de.wikipedia.org/wiki/Musculus_sternothyroideus
M. sternothyroideus;Kopf & Hals;Infrahyoidale Muskeln;Segmente;nur bei mir;C1–C3;;;https://de.wikipedia.org/wiki/Musculus_sternothyroideus
M. stylohyoideus;Kopf & Hals;Suprahyoidale Muskeln;Ursprung;teils gleich;Proc. styloideus (Os temporale);Griffelfortsatz des Schläfenbeins (Processus styloideus);;https://de.wikipedia.org/wiki/Musculus_stylohyoideus
M. stylohyoideus;Kopf & Hals;Suprahyoidale Muskeln;Ansatz;abweichend;Corpus ossis hyoidei (Cornu majus);Zungenbein (Os hyoideum);;https://de.wikipedia.org/wiki/Musculus_stylohyoideus
M. stylohyoideus;Kopf & Hals;Suprahyoidale Muskeln;Funktion;Freitext — nur lesen;"Der M. stylohyoideus zieht das Zungenbein nach dorsal und kranial; er antagonisiert die ventralen suprahyoidalen Muskeln und ist an der Stabilisierung des Zungenbeins während der Schluck- und Sprechbewegungen beteiligt.";Fixation und Anheben des Zungenbeins;;https://de.wikipedia.org/wiki/Musculus_stylohyoideus
M. stylohyoideus;Kopf & Hals;Suprahyoidale Muskeln;Innervation;teils gleich;N. facialis (VII);R. stylohyoideus des Nervus facialis;;https://de.wikipedia.org/wiki/Musculus_stylohyoideus
M. stylohyoideus;Kopf & Hals;Suprahyoidale Muskeln;Segmente;beide leer;;;;https://de.wikipedia.org/wiki/Musculus_stylohyoideus
M. subclavius;Obere Extremität;Schultergürtel;Ursprung;abweichend;Oberseite der 1. Rippe;1. Rippenknorpel;;https://de.wikipedia.org/wiki/Musculus_subclavius
M. subclavius;Obere Extremität;Schultergürtel;Ansatz;abweichend;Unterseite der Clavicula, Extremitas acromialis;Schlüsselbein;;https://de.wikipedia.org/wiki/Musculus_subclavius
M. subclavius;Obere Extremität;Schultergürtel;Funktion;Freitext — nur lesen;Stabilisiert und senkt die Clavicula;senkt das Schlüsselbein und stemmt es im Sternoklavikulargelenk fest;;https://de.wikipedia.org/wiki/Musculus_subclavius
M. subclavius;Obere Extremität;Schultergürtel;Innervation;gleich;N. subclavius;Nervus subclavius;;https://de.wikipedia.org/wiki/Musculus_subclavius
M. subclavius;Obere Extremität;Schultergürtel;Segmente;gleich;C5, C6;C5, C6;;https://de.wikipedia.org/wiki/Musculus_subclavius
M. subscapularis;Obere Extremität;Schultergürtel;Ursprung;teils gleich;Fossa subscapularis der Scapula (ventrale Seite);Fossa subscapularis · (Vorderseite des Schulterblatts);;https://de.wikipedia.org/wiki/Musculus_subscapularis
M. subscapularis;Obere Extremität;Schultergürtel;Ansatz;teils gleich;Crista tuberculi minoris humeri;Tuberculum minus humeri;;https://de.wikipedia.org/wiki/Musculus_subscapularis
M. subscapularis;Obere Extremität;Schultergürtel;Funktion;Freitext — nur lesen;Innenrotation und Adduktion im Schultergelenk;Adduktion und Innenrotation des Armes;;https://de.wikipedia.org/wiki/Musculus_subscapularis
M. subscapularis;Obere Extremität;Schultergürtel;Innervation;gleich;N. subscapularis;Nervus subscapularis;;https://de.wikipedia.org/wiki/Musculus_subscapularis
M. subscapularis;Obere Extremität;Schultergürtel;Segmente;abweichend;C5, C6;C5-C7;nur Wikipedia: C7;https://de.wikipedia.org/wiki/Musculus_subscapularis
M. supinator;Obere Extremität;Ellenbogen;Ursprung;gleich (andere Worte);Epicondylus lateralis humeri, Crista musculi supinatoris ulnae, Lig. collaterale radiale, Lig. anulare radii;Epicondylus lateralis humeri, Dorsalfläche der Ulna (Crista musculi supinatoris), Lig. anulare radii sowie Lig. collaterale radiale;;https://de.wikipedia.org/wiki/Musculus_supinator
M. supinator;Obere Extremität;Ellenbogen;Ansatz;abweichend;Proximaler Bereich der Facies lateralis radii;Vorderfläche des Radius;;https://de.wikipedia.org/wiki/Musculus_supinator
M. supinator;Obere Extremität;Ellenbogen;Funktion;Freitext — nur lesen;Supination im Unterarm;Supination des Unterarms;;https://de.wikipedia.org/wiki/Musculus_supinator
M. supinator;Obere Extremität;Ellenbogen;Innervation;gleich;N. radialis;Nervus radialis;;https://de.wikipedia.org/wiki/Musculus_supinator
M. supinator;Obere Extremität;Ellenbogen;Segmente;gleich;C5, C6;C5–C6;;https://de.wikipedia.org/wiki/Musculus_supinator
M. supraspinatus;Obere Extremität;Schultergürtel;Ursprung;gleich (andere Worte);Fossa supraspinata der Scapula;Fossa supraspinata scapulae;;https://de.wikipedia.org/wiki/Musculus_supraspinatus
M. supraspinatus;Obere Extremität;Schultergürtel;Ansatz;teils gleich;Kranialer Teil des Tuberculum majus, Gelenkkapsel;Tuberculum majus humeri;;https://de.wikipedia.org/wiki/Musculus_supraspinatus
M. supraspinatus;Obere Extremität;Schultergürtel;Funktion;Freitext — nur lesen;"Initiiert die Abduktion; unterstützt die Außenrotation";Abduktion des Arms bis ca. 15° (zusätzlich zum M. deltoideus), geringe Außenrotation des Arms;;https://de.wikipedia.org/wiki/Musculus_supraspinatus
M. supraspinatus;Obere Extremität;Schultergürtel;Innervation;gleich;N. suprascapularis;Nervus suprascapularis;;https://de.wikipedia.org/wiki/Musculus_supraspinatus
M. supraspinatus;Obere Extremität;Schultergürtel;Segmente;abweichend;C4, C5, C6;C5, C6;nur bei mir: C4;https://de.wikipedia.org/wiki/Musculus_supraspinatus
M. temporalis;Kopf & Hals;Kaumuskulatur;Ursprung;gleich;Fossa temporalis und Fascia temporalis;Fossa temporalis und Fascia temporalis;;https://de.wikipedia.org/wiki/Musculus_temporalis
M. temporalis;Kopf & Hals;Kaumuskulatur;Ansatz;teils gleich;Proc. coronoideus mandibulae und Vorderkante des Ramus mandibulae;Processus coronoideus des Unterkiefers (Mandibula);;https://de.wikipedia.org/wiki/Musculus_temporalis
M. temporalis;Kopf & Hals;Kaumuskulatur;Funktion;Freitext — nur lesen;Der M. temporalis hebt den Unterkiefer und schließt damit den Mund. Die hinteren Fasern ziehen den vorgeschobenen Unterkiefer nach dorsal (Retrusion) und sind damit der wichtigste Antagonist zur Protrusion.;Kieferschluss, Zurückziehen des Kiefers;;https://de.wikipedia.org/wiki/Musculus_temporalis
M. temporalis;Kopf & Hals;Kaumuskulatur;Innervation;teils gleich;N. temporalis profundus (V3, N. trigeminus);Nervi temporales profundi aus dem Nervus mandibularis;;https://de.wikipedia.org/wiki/Musculus_temporalis
M. temporalis;Kopf & Hals;Kaumuskulatur;Segmente;beide leer;;;;https://de.wikipedia.org/wiki/Musculus_temporalis
M. tensor fasciae latae;Untere Extremität;Hüfte;Ursprung;teils gleich;Spina iliaca anterior superior;Spina iliaca anterior superior des Darmbeines (Os ilium) und Aponeurose des Musculus gluteus medius;;https://de.wikipedia.org/wiki/Musculus_tensor_fasciae_latae
M. tensor fasciae latae;Untere Extremität;Hüfte;Ansatz;teils gleich;Tractus iliotibialis, Tuberculum von Gerdy an der Tibia;über Tractus iliotibialis am Condylus lateralis tibiae des Schienbeines (Tibia);;https://de.wikipedia.org/wiki/Musculus_tensor_fasciae_latae
M. tensor fasciae latae;Untere Extremität;Hüfte;Funktion;Freitext — nur lesen;"Abduziert und beugt die Hüfte, dreht den Oberschenkel nach innen; spannt den Tractus iliotibialis und entlastet damit Femurschaft und -hals";Oberschenkelbindenspanner (Stabilisation des gestreckten Knies), Beugung des Hüftgelenks, Einwärtsdrehung (Innenrotation) und Abspreizen (Abduktion) des Oberschenkels, Beugung des Kniegelenks;;https://de.wikipedia.org/wiki/Musculus_tensor_fasciae_latae
M. tensor fasciae latae;Untere Extremität;Hüfte;Innervation;gleich;N. gluteus superior;Nervus gluteus superior;;https://de.wikipedia.org/wiki/Musculus_tensor_fasciae_latae
M. tensor fasciae latae;Untere Extremität;Hüfte;Segmente;abweichend;L4, L5, S1;L4–L5;nur bei mir: S1;https://de.wikipedia.org/wiki/Musculus_tensor_fasciae_latae
M. teres major;Obere Extremität;Schultergürtel;Ursprung;teils gleich;Kaudaler Teil der Margo lateralis und Angulus inferior der Scapula;Unterer Rand des Schulterblattes · (Angulus inferior scapulae);;https://de.wikipedia.org/wiki/Musculus_teres_major
M. teres major;Obere Extremität;Schultergürtel;Ansatz;gleich (andere Worte);Crista tuberculi minoris humeri;Vorderseite des Oberarmknochens · (Crista tuberculi minoris humeri);;https://de.wikipedia.org/wiki/Musculus_teres_major
M. teres major;Obere Extremität;Schultergürtel;Funktion;Freitext — nur lesen;Innenrotation, Adduktion und Extension im Schultergelenk;Innenrotation, Retroversion und Adduktion des Armes;;https://de.wikipedia.org/wiki/Musculus_teres_major
M. teres major;Obere Extremität;Schultergürtel;Innervation;abweichend;N. subscapularis;Nervus subscapularis, gelegentlich auch Nervus thoracodorsalis oder Nervus axillaris;;https://de.wikipedia.org/wiki/Musculus_teres_major
M. teres major;Obere Extremität;Schultergürtel;Segmente;abweichend;C5, C6, C7;C5, C6;nur bei mir: C7;https://de.wikipedia.org/wiki/Musculus_teres_major
M. teres minor;Obere Extremität;Schultergürtel;Ursprung;teils gleich;Margo lateralis der Scapula;äußerer Rand des Schulterblattes (Margo lateralis scapulae);;https://de.wikipedia.org/wiki/Musculus_teres_minor
M. teres minor;Obere Extremität;Schultergürtel;Ansatz;teils gleich;Kaudaler Teil des Tuberculum majus, Gelenkkapsel;Tuberculum majus des Oberarmknochens;;https://de.wikipedia.org/wiki/Musculus_teres_minor
M. teres minor;Obere Extremität;Schultergürtel;Funktion;Freitext — nur lesen;Außenrotation und Adduktion im Schultergelenk;Adduktion, Außenrotation und Retroversion des Oberarmes;;https://de.wikipedia.org/wiki/Musculus_teres_minor
M. teres minor;Obere Extremität;Schultergürtel;Innervation;gleich;N. axillaris;Nervus axillaris;;https://de.wikipedia.org/wiki/Musculus_teres_minor
M. teres minor;Obere Extremität;Schultergürtel;Segmente;gleich;C5, C6;C5, C6;;https://de.wikipedia.org/wiki/Musculus_teres_minor
M. thyrohyoideus;Kopf & Hals;Infrahyoidale Muskeln;Ursprung;teils gleich;Linea obliqua der Cartilago thyroidea;Kehlkopf (Cartilago thyroidea);;https://de.wikipedia.org/wiki/Musculus_thyrohyoideus
M. thyrohyoideus;Kopf & Hals;Infrahyoidale Muskeln;Ansatz;abweichend;Cornu majus des Os hyoideum;Zungenbein;;https://de.wikipedia.org/wiki/Musculus_thyrohyoideus
M. thyrohyoideus;Kopf & Hals;Infrahyoidale Muskeln;Funktion;Freitext — nur lesen;"Der M. thyrohyoideus nähert Schildknorpel und Zungenbein an; bei fixiertem Zungenbein hebt er den Kehlkopf an, bei fixiertem Kehlkopf senkt er das Zungenbein. Er ist ein wichtiger Muskel bei der laryngealen Elevation beim Schlucken.";Niederziehen des Zungenbeins;;https://de.wikipedia.org/wiki/Musculus_thyrohyoideus
M. thyrohyoideus;Kopf & Hals;Infrahyoidale Muskeln;Innervation;abweichend;R. thyrohyoideus (aus C1 über N. hypoglossus XII);Ramus thyrohyoideus radicis superioris ansae cervicalis profundae;;https://de.wikipedia.org/wiki/Musculus_thyrohyoideus
M. thyrohyoideus;Kopf & Hals;Infrahyoidale Muskeln;Segmente;gleich;C1;C1;;https://de.wikipedia.org/wiki/Musculus_thyrohyoideus
M. tibialis anterior;Untere Extremität;Fuß & Sprunggelenk;Ursprung;gleich (andere Worte);"Tibia, Condylus und Facies lateralis (proximal); Membrana interossea";Condylus lateralis der Tibia, Membrana interossea;;https://de.wikipedia.org/wiki/Musculus_tibialis_anterior
M. tibialis anterior;Untere Extremität;Fuß & Sprunggelenk;Ansatz;teils gleich;Os cuneiforme I und Os metatarsale I (Basis);Plantare Fläche des Os cuneiforme mediale, Basis des Os metatarsale I;;https://de.wikipedia.org/wiki/Musculus_tibialis_anterior
M. tibialis anterior;Untere Extremität;Fuß & Sprunggelenk;Funktion;Freitext — nur lesen;"Hebt den Fuß (Dorsalextension) und supiniert; stützt das mediale Längsgewölbe; bei der Gangabwicklung verhindert er das Fußaufklappen";Hebt den Fuß (Dorsalextension) und besonders den Fußinnenrand (Supination);;https://de.wikipedia.org/wiki/Musculus_tibialis_anterior
M. tibialis anterior;Untere Extremität;Fuß & Sprunggelenk;Innervation;teils gleich;N. peroneus profundus;Nervus fibularis profundus;;https://de.wikipedia.org/wiki/Musculus_tibialis_anterior
M. tibialis anterior;Untere Extremität;Fuß & Sprunggelenk;Segmente;nur Wikipedia;;L4, L5;;https://de.wikipedia.org/wiki/Musculus_tibialis_anterior
M. tibialis posterior;Untere Extremität;Fuß & Sprunggelenk;Ursprung;abweichend;Facies posterior tibiae et fibulae und Membrana interossea;Membrana interossea, Hinterfläche zwischen Schien- und Wadenbein;;https://de.wikipedia.org/wiki/Musculus_tibialis_posterior
M. tibialis posterior;Untere Extremität;Fuß & Sprunggelenk;Ansatz;abweichend;"Os naviculare (Tuberositas), Ossa cuneiformia (plantare Seite); Os cuboideum und Os metatarsale II–IV (Basis)";"Tuberositas ossis navicularis, Os cuneiforme (bei Hund und Katze medial am Sprunggelenk oder Mittelfuß; bei den übrigen Haustieren über eine tiefe Beugesehne an Endglied der Stützzehen)";;https://de.wikipedia.org/wiki/Musculus_tibialis_posterior
M. tibialis posterior;Untere Extremität;Fuß & Sprunggelenk;Funktion;Freitext — nur lesen;"Plantarflektiert und supiniert den Fuß; wichtigster statischer und dynamischer Stabilisator des medialen Längsgewölbes";Senkt den Fuß (Plantarflexion) und dreht ihn nach innen (Supination);;https://de.wikipedia.org/wiki/Musculus_tibialis_posterior
M. tibialis posterior;Untere Extremität;Fuß & Sprunggelenk;Innervation;gleich;N. tibialis;Nervus tibialis;;https://de.wikipedia.org/wiki/Musculus_tibialis_posterior
M. tibialis posterior;Untere Extremität;Fuß & Sprunggelenk;Segmente;nur Wikipedia;;L4, L5, S1;;https://de.wikipedia.org/wiki/Musculus_tibialis_posterior
M. transversus abdominis;Wirbelsäule & Rumpf;Bauchmuskulatur;Ursprung;teils gleich;Innenfläche der 7.–12. Rippenknorpel, Fascia thoracolumbalis, Crista iliaca, Lig. inguinale;Äußere zwei Drittel des Lig. inguinale, Crista Iliaca, Spina iliaca anterior superior, Fascia thoracolumbalis, Knorpel der unteren sechs Rippen;;https://de.wikipedia.org/wiki/Musculus_transversus_abdominis
M. transversus abdominis;Wirbelsäule & Rumpf;Bauchmuskulatur;Ansatz;teils gleich;Linea alba, Rektusscheide;Linea alba, Crista pubica;;https://de.wikipedia.org/wiki/Musculus_transversus_abdominis
M. transversus abdominis;Wirbelsäule & Rumpf;Bauchmuskulatur;Funktion;Freitext — nur lesen;Der M. transversus abdominis umgibt den Rumpf wie ein muskuläres Korsett und erhöht bei Kontraktion den intraabdominalen Druck. Er ist der wichtigste Stabilisator der Lendenwirbelsäule und des Beckens und bildet die Grundlage jeder Core-Stabilisation.;Zusammenpressen des Bauches, Absenken der Rippen, Exspiration ipsilaterale Rotation (bei einseitiger Rotation);;https://de.wikipedia.org/wiki/Musculus_transversus_abdominis
M. transversus abdominis;Wirbelsäule & Rumpf;Bauchmuskulatur;Innervation;gleich (andere Worte);Nn. intercostales, N. iliohypogastricus, N. ilioinguinalis;N. intercostalis, N. subcostalis, N. ilioinguinalis, N. iliohypogastricus;;https://de.wikipedia.org/wiki/Musculus_transversus_abdominis
M. transversus abdominis;Wirbelsäule & Rumpf;Bauchmuskulatur;Segmente;nur bei mir;Th7–Th12;;;https://de.wikipedia.org/wiki/Musculus_transversus_abdominis
M. transversus perinei profundus;Wirbelsäule & Rumpf;Beckenboden;Ursprung;gleich (andere Worte);Rami der Ossa ischii;Ramus inferior ossis ischii;;https://de.wikipedia.org/wiki/Musculus_transversus_perinei_profundus
M. transversus perinei profundus;Wirbelsäule & Rumpf;Beckenboden;Ansatz;abweichend;Rami der Ossa ischii (Gegenseite);Raphe perinei;;https://de.wikipedia.org/wiki/Musculus_transversus_perinei_profundus
M. transversus perinei profundus;Wirbelsäule & Rumpf;Beckenboden;Funktion;Freitext — nur lesen;Spannt die tiefe Urogenitalplatte quer aus und unterstützt Kontinenz sowie Organhalt;Stabilisierung des Beckenbodens;;https://de.wikipedia.org/wiki/Musculus_transversus_perinei_profundus
M. transversus perinei profundus;Wirbelsäule & Rumpf;Beckenboden;Innervation;gleich;N. pudendus;Nervus pudendus;;https://de.wikipedia.org/wiki/Musculus_transversus_perinei_profundus
M. transversus perinei profundus;Wirbelsäule & Rumpf;Beckenboden;Segmente;gleich;S2, S3, S4;S2-S4;;https://de.wikipedia.org/wiki/Musculus_transversus_perinei_profundus
M. transversus perinei superficialis;Wirbelsäule & Rumpf;Beckenboden;Ursprung;gleich;Tuber ischiadicum;Tuber ischiadicum;;https://de.wikipedia.org/wiki/Musculus_transversus_perinei_superficialis
M. transversus perinei superficialis;Wirbelsäule & Rumpf;Beckenboden;Ansatz;abweichend;Corpus perineale;Beckenboden;;https://de.wikipedia.org/wiki/Musculus_transversus_perinei_superficialis
M. transversus perinei superficialis;Wirbelsäule & Rumpf;Beckenboden;Funktion;Freitext — nur lesen;Stabilisiert das perineale Zentrum und unterstützt den oberflächlichen Beckenboden;Stabilisierung des Beckenbodens;;https://de.wikipedia.org/wiki/Musculus_transversus_perinei_superficialis
M. transversus perinei superficialis;Wirbelsäule & Rumpf;Beckenboden;Innervation;gleich;N. pudendus;Nervus pudendus;;https://de.wikipedia.org/wiki/Musculus_transversus_perinei_superficialis
M. transversus perinei superficialis;Wirbelsäule & Rumpf;Beckenboden;Segmente;gleich;S2, S3, S4;S2–S4;;https://de.wikipedia.org/wiki/Musculus_transversus_perinei_superficialis
M. trapezius – Pars ascendens;Obere Extremität;Schultergürtel;Ursprung;abweichend;Procc. spinosi Th3–Th12;Protuberantia occipitalis externa, Nackenband, Dornfortsätze der Hals- und Brustwirbel;;https://de.wikipedia.org/wiki/Musculus_trapezius
M. trapezius – Pars ascendens;Obere Extremität;Schultergürtel;Ansatz;teils gleich;Laterales Drittel der Spina scapulae;Schlüsselbein (Clavicula), Schulterblatt (Acromion und Spina scapulae);;https://de.wikipedia.org/wiki/Musculus_trapezius
M. trapezius – Pars ascendens;Obere Extremität;Schultergürtel;Funktion;Freitext — nur lesen;"Senkung der Scapula; unterstützt die Aufwärtsrotation";Bewegung des Schulterblatts (Scapula): Hebung (unterstützt Elevation), Senkung, Rotation nach medial und Retraktion nach dorsal Lateralflexion des Halses nach kontralateral (einseitig), Dorsalextension des Halses (beidseitig) Retraktion der Clavicula nach dorsal;;https://de.wikipedia.org/wiki/Musculus_trapezius
M. trapezius – Pars ascendens;Obere Extremität;Schultergürtel;Innervation;gleich (andere Worte);N. accessorius (XI), Plexus cervicalis;Nervus accessorius und Äste des Plexus cervicalis;;https://de.wikipedia.org/wiki/Musculus_trapezius
M. trapezius – Pars ascendens;Obere Extremität;Schultergürtel;Segmente;gleich;C2, C3, C4;C2-C4;;https://de.wikipedia.org/wiki/Musculus_trapezius
M. trapezius – Pars descendens;Obere Extremität;Schultergürtel;Ursprung;teils gleich;Linea nuchae superior, Protuberantia occipitalis externa, Lig. nuchae C1–C6;Protuberantia occipitalis externa, Nackenband, Dornfortsätze der Hals- und Brustwirbel;;https://de.wikipedia.org/wiki/Musculus_trapezius
M. trapezius – Pars descendens;Obere Extremität;Schultergürtel;Ansatz;abweichend;Laterales Drittel der Clavicula, Akromion;Schlüsselbein (Clavicula), Schulterblatt (Acromion und Spina scapulae);;https://de.wikipedia.org/wiki/Musculus_trapezius
M. trapezius – Pars descendens;Obere Extremität;Schultergürtel;Funktion;Freitext — nur lesen;"Hebt die Scapula und unterstützt die Aufwärtsrotation; unterstützt HWS-Bewegungen";Bewegung des Schulterblatts (Scapula): Hebung (unterstützt Elevation), Senkung, Rotation nach medial und Retraktion nach dorsal Lateralflexion des Halses nach kontralateral (einseitig), Dorsalextension des Halses (beidseitig) Retraktion der Clavicula nach dorsal;;https://de.wikipedia.org/wiki/Musculus_trapezius
M. trapezius – Pars descendens;Obere Extremität;Schultergürtel;Innervation;gleich (andere Worte);N. accessorius (XI), Plexus cervicalis;Nervus accessorius und Äste des Plexus cervicalis;;https://de.wikipedia.org/wiki/Musculus_trapezius
M. trapezius – Pars descendens;Obere Extremität;Schultergürtel;Segmente;gleich;C2, C3, C4;C2-C4;;https://de.wikipedia.org/wiki/Musculus_trapezius
M. trapezius – Pars transversa;Obere Extremität;Schultergürtel;Ursprung;abweichend;Unterer Teil des Lig. nuchae (C6–C7), Procc. spinosi Th1–Th3;Protuberantia occipitalis externa, Nackenband, Dornfortsätze der Hals- und Brustwirbel;;https://de.wikipedia.org/wiki/Musculus_trapezius
M. trapezius – Pars transversa;Obere Extremität;Schultergürtel;Ansatz;abweichend;Akromion, lateraler Teil der Spina scapulae;Schlüsselbein (Clavicula), Schulterblatt (Acromion und Spina scapulae);;https://de.wikipedia.org/wiki/Musculus_trapezius
M. trapezius – Pars transversa;Obere Extremität;Schultergürtel;Funktion;Freitext — nur lesen;Retraktion der Scapula;Bewegung des Schulterblatts (Scapula): Hebung (unterstützt Elevation), Senkung, Rotation nach medial und Retraktion nach dorsal Lateralflexion des Halses nach kontralateral (einseitig), Dorsalextension des Halses (beidseitig) Retraktion der Clavicula nach dorsal;;https://de.wikipedia.org/wiki/Musculus_trapezius
M. trapezius – Pars transversa;Obere Extremität;Schultergürtel;Innervation;gleich (andere Worte);N. accessorius (XI), Plexus cervicalis;Nervus accessorius und Äste des Plexus cervicalis;;https://de.wikipedia.org/wiki/Musculus_trapezius
M. trapezius – Pars transversa;Obere Extremität;Schultergürtel;Segmente;gleich;C2, C3, C4;C2-C4;;https://de.wikipedia.org/wiki/Musculus_trapezius
M. triceps brachii – Caput laterale und mediale;Obere Extremität;Ellenbogen;Ursprung;abweichend;"Caput laterale: Facies posterior humeri proximal des Sulcus n. radialis; Caput mediale: Facies posterior humeri distal des Sulcus n. radialis";Caput longum: Schulterblatt (Tuberculum infraglenoidale) · Caput mediale: medial am Oberarmknochen · Caput laterale: lateral am Oberarmknochen;;https://de.wikipedia.org/wiki/Musculus_triceps_brachii
M. triceps brachii – Caput laterale und mediale;Obere Extremität;Ellenbogen;Ansatz;teils gleich;Olecranon ulnae;Ulna (Olecranon) und Hinterwand der Gelenkkapsel des Ellenbogengelenks;;https://de.wikipedia.org/wiki/Musculus_triceps_brachii
M. triceps brachii – Caput laterale und mediale;Obere Extremität;Ellenbogen;Funktion;Freitext — nur lesen;Extension im Ellenbogen;Strecker des Arms im Ellbogengelenk, Adduktion und Extension des Arms im Schultergelenk;;https://de.wikipedia.org/wiki/Musculus_triceps_brachii
M. triceps brachii – Caput laterale und mediale;Obere Extremität;Ellenbogen;Innervation;gleich;N. radialis;Nervus radialis;;https://de.wikipedia.org/wiki/Musculus_triceps_brachii
M. triceps brachii – Caput laterale und mediale;Obere Extremität;Ellenbogen;Segmente;abweichend;C6, C7, C8;C7, C8;nur bei mir: C6;https://de.wikipedia.org/wiki/Musculus_triceps_brachii
M. triceps brachii – Caput longum;Obere Extremität;Ellenbogen;Ursprung;abweichend;Tuberculum und Labrum infraglenoidale scapulae;Caput longum: Schulterblatt (Tuberculum infraglenoidale) · Caput mediale: medial am Oberarmknochen · Caput laterale: lateral am Oberarmknochen;;https://de.wikipedia.org/wiki/Musculus_triceps_brachii
M. triceps brachii – Caput longum;Obere Extremität;Ellenbogen;Ansatz;teils gleich;Olecranon ulnae;Ulna (Olecranon) und Hinterwand der Gelenkkapsel des Ellenbogengelenks;;https://de.wikipedia.org/wiki/Musculus_triceps_brachii
M. triceps brachii – Caput longum;Obere Extremität;Ellenbogen;Funktion;Freitext — nur lesen;"Extension im Ellenbogen; unterstützt Extension und Adduktion im Schultergelenk";Strecker des Arms im Ellbogengelenk, Adduktion und Extension des Arms im Schultergelenk;;https://de.wikipedia.org/wiki/Musculus_triceps_brachii
M. triceps brachii – Caput longum;Obere Extremität;Ellenbogen;Innervation;gleich;N. radialis;Nervus radialis;;https://de.wikipedia.org/wiki/Musculus_triceps_brachii
M. triceps brachii – Caput longum;Obere Extremität;Ellenbogen;Segmente;abweichend;C6, C7, C8;C7, C8;nur bei mir: C6;https://de.wikipedia.org/wiki/Musculus_triceps_brachii
M. vastus intermedius;Untere Extremität;Knie;Ursprung;abweichend;Corpus femoris (ventral);Vorderfläche des Oberschenkelknochens;;https://de.wikipedia.org/wiki/Musculus_vastus_intermedius
M. vastus intermedius;Untere Extremität;Knie;Ansatz;teils gleich;Tuberositas tibiae (via Patellarsehne), Retinaculum patellae;Oberseite der Kniescheibe, Tuberositas tibiae des Schienbeins;;https://de.wikipedia.org/wiki/Musculus_vastus_intermedius
M. vastus intermedius;Untere Extremität;Knie;Funktion;Freitext — nur lesen;"Streckt das Knie (Extension in der Art. genus); bildet gemeinsam mit den anderen Quadricepsanteilen die Hauptkraft für die Knieextension";Strecker des Kniegelenks;;https://de.wikipedia.org/wiki/Musculus_vastus_intermedius
M. vastus intermedius;Untere Extremität;Knie;Innervation;gleich;N. femoralis;Nervus femoralis;;https://de.wikipedia.org/wiki/Musculus_vastus_intermedius
M. vastus intermedius;Untere Extremität;Knie;Segmente;gleich;L2, L3, L4;L2-L4;;https://de.wikipedia.org/wiki/Musculus_vastus_intermedius
M. vastus lateralis;Untere Extremität;Knie;Ursprung;gleich (andere Worte);Trochanter major und Labium laterale der Linea aspera (dorsolateral);laterale Fläche des Oberschenkelknochens (Facia ant. und lat. trochanter major, Labium lat. der Linea aspera);;https://de.wikipedia.org/wiki/Musculus_vastus_lateralis
M. vastus lateralis;Untere Extremität;Knie;Ansatz;teils gleich;Tuberositas tibiae (via Patellarsehne), Retinaculum patellae;Kniescheibe (Basis patellae, Lig. patellae, lat. Fascien des Retinaculum patellae), Tuberositas tibiae des Schienbeins;;https://de.wikipedia.org/wiki/Musculus_vastus_lateralis
M. vastus lateralis;Untere Extremität;Knie;Funktion;Freitext — nur lesen;"Streckt das Knie (Extension in der Art. genus); beeinflusst die Patellastellung über das laterale Retinaculum";Strecker des Kniegelenks;;https://de.wikipedia.org/wiki/Musculus_vastus_lateralis
M. vastus lateralis;Untere Extremität;Knie;Innervation;gleich;N. femoralis;Nervus femoralis;;https://de.wikipedia.org/wiki/Musculus_vastus_lateralis
M. vastus lateralis;Untere Extremität;Knie;Segmente;gleich;L2, L3, L4;L2-L4;;https://de.wikipedia.org/wiki/Musculus_vastus_lateralis
M. vastus medialis;Untere Extremität;Knie;Ursprung;abweichend;Labium mediale der Linea aspera (dorsomedial);Innenfläche des Femur, distaler Teil der Linea intertrochanterica;;https://de.wikipedia.org/wiki/Musculus_vastus_medialis
M. vastus medialis;Untere Extremität;Knie;Ansatz;teils gleich;Tuberositas tibiae (via Patellarsehne), Retinaculum patellae;Außenfläche der Kniescheibe, Tuberositas tibiae des Schienbeins;;https://de.wikipedia.org/wiki/Musculus_vastus_medialis
M. vastus medialis;Untere Extremität;Knie;Funktion;Freitext — nur lesen;"Streckt das Knie (Extension in der Art. genus); der schräg verlaufende distale Anteil (VMO) stabilisiert die Patella nach medial";Strecker des Kniegelenks;;https://de.wikipedia.org/wiki/Musculus_vastus_medialis
M. vastus medialis;Untere Extremität;Knie;Innervation;gleich;N. femoralis;Nervus femoralis;;https://de.wikipedia.org/wiki/Musculus_vastus_medialis
M. vastus medialis;Untere Extremität;Knie;Segmente;gleich;L2, L3, L4;L2-L4;;https://de.wikipedia.org/wiki/Musculus_vastus_medialis
Mm. iliocostales;Wirbelsäule & Rumpf;Rückenmuskulatur;Ursprung;abweichend;"Pars lumbalis: Sakrum und Crista iliaca; Pars thoracalis: 7.–12. Rippe";Darmbein und Kreuzbein;;https://de.wikipedia.org/wiki/Musculus_iliocostalis
Mm. iliocostales;Wirbelsäule & Rumpf;Rückenmuskulatur;Ansatz;abweichend;"Anguli costae Rippen 7–12 (Pars lumbalis); 1.–6. Rippe (Pars thoracalis); Procc. transversi C4–C6 (Pars cervicalis)";Rippen und Halswirbel;;https://de.wikipedia.org/wiki/Musculus_iliocostalis
Mm. iliocostales;Wirbelsäule & Rumpf;Rückenmuskulatur;Funktion;Freitext — nur lesen;"Strecken den Rumpf; einseitig Seitneigung, zervikal zusätzlich Atemhilfe";Strecken und Seitwärtsbiegen der Wirbelsäule;;https://de.wikipedia.org/wiki/Musculus_iliocostalis
Mm. iliocostales;Wirbelsäule & Rumpf;Rückenmuskulatur;Innervation;gleich (andere Worte);Rr. dorsales der Spinalnerven;Spinalnerven (Rami dorsales);;https://de.wikipedia.org/wiki/Musculus_iliocostalis
Mm. iliocostales;Wirbelsäule & Rumpf;Rückenmuskulatur;Segmente;beide leer;;;;https://de.wikipedia.org/wiki/Musculus_iliocostalis
Mm. interossei dorsales;Untere Extremität;Fuß & Sprunggelenk;Ursprung;teils gleich;Ossa metatarsi I–V (die einander zugewandten Seiten);Einander zugewandte Seiten benachbarter Ossa metacarpalia;;https://de.wikipedia.org/wiki/Musculus_interosseus_dorsalis
Mm. interossei dorsales;Untere Extremität;Fuß & Sprunggelenk;Ansatz;abweichend;Zehen II–IV, Basis der proximalen Phalangen (lateral und medial);Einstrahlung in die Dorsalaponeurose;;https://de.wikipedia.org/wiki/Musculus_interosseus_dorsalis
Mm. interossei dorsales;Untere Extremität;Fuß & Sprunggelenk;Funktion;Freitext — nur lesen;"Abduzieren die Zehen II–IV vom zweiten Strahl weg; beugen die MTP-Gelenke; Zehe II kann durch den ersten dorsalen Interosseus auch medialwärts abduziert werden";Flexion in den Fingergrundgelenken, Extension in den Interphalangealgelenken und Abduktion der Finger;;https://de.wikipedia.org/wiki/Musculus_interosseus_dorsalis
Mm. interossei dorsales;Untere Extremität;Fuß & Sprunggelenk;Innervation;abweichend;N. tibialis (N. plantaris lateralis);Nervus ulnaris, Ramus profundus;;https://de.wikipedia.org/wiki/Musculus_interosseus_dorsalis
Mm. interossei dorsales;Untere Extremität;Fuß & Sprunggelenk;Segmente;nur Wikipedia;;C8, Th1;;https://de.wikipedia.org/wiki/Musculus_interosseus_dorsalis
Mm. interossei dorsales I–IV;Obere Extremität;Hand & Finger;Ursprung;teils gleich;Einander zugekehrte Seiten der Ossa metacarpi I–V;Einander zugewandte Seiten benachbarter Ossa metacarpalia;;https://de.wikipedia.org/wiki/Musculus_interosseus_dorsalis
Mm. interossei dorsales I–IV;Obere Extremität;Hand & Finger;Ansatz;teils gleich;Dorsalaponeurosen der Finger II–IV;Einstrahlung in die Dorsalaponeurose;;https://de.wikipedia.org/wiki/Musculus_interosseus_dorsalis
Mm. interossei dorsales I–IV;Obere Extremität;Hand & Finger;Funktion;Freitext — nur lesen;"Abduktion der Finger vom Mittelfinger weg; zusätzlich MCP-Flexion und IP-Extension";Flexion in den Fingergrundgelenken, Extension in den Interphalangealgelenken und Abduktion der Finger;;https://de.wikipedia.org/wiki/Musculus_interosseus_dorsalis
Mm. interossei dorsales I–IV;Obere Extremität;Hand & Finger;Innervation;teils gleich;N. ulnaris;Nervus ulnaris, Ramus profundus;;https://de.wikipedia.org/wiki/Musculus_interosseus_dorsalis
Mm. interossei dorsales I–IV;Obere Extremität;Hand & Finger;Segmente;gleich;C8, Th1;C8, Th1;;https://de.wikipedia.org/wiki/Musculus_interosseus_dorsalis
Mm. interossei palmares I–III;Obere Extremität;Hand & Finger;—;kein Vergleich;;;;kein Artikel gefunden
Mm. interossei plantares;Untere Extremität;Fuß & Sprunggelenk;—;kein Vergleich;;;;kein Artikel gefunden
Mm. interspinales;Wirbelsäule & Rumpf;Rückenmuskulatur;Ursprung;abweichend;Procc. spinosi (zervikal, thorakal, lumbal);Dornfortsätze;;https://de.wikipedia.org/wiki/Musculi_interspinales
Mm. interspinales;Wirbelsäule & Rumpf;Rückenmuskulatur;Ansatz;abweichend;Nächsthöhere Procc. spinosi;Dornfortsätze;;https://de.wikipedia.org/wiki/Musculi_interspinales
Mm. interspinales;Wirbelsäule & Rumpf;Rückenmuskulatur;Funktion;Freitext — nur lesen;Die Mm. interspinales wirken als segmentale Extensoren: Durch die Annäherung benachbarter Dornfortsätze leisten sie einen feinen Beitrag zur Aufrichtung der Wirbelsäule und unterstützen dabei propriozeptiv die Gelenkstellung.;Stabilisierung der Wirbelsäule;;https://de.wikipedia.org/wiki/Musculi_interspinales
Mm. interspinales;Wirbelsäule & Rumpf;Rückenmuskulatur;Innervation;gleich (andere Worte);Rr. dorsales der Spinalnerven;Rami dorsales der Spinalnerven;;https://de.wikipedia.org/wiki/Musculi_interspinales
Mm. interspinales;Wirbelsäule & Rumpf;Rückenmuskulatur;Segmente;beide leer;;;;https://de.wikipedia.org/wiki/Musculi_interspinales
Mm. intertransversarii mediales;Wirbelsäule & Rumpf;Rückenmuskulatur;—;kein Vergleich;;;;kein Artikel gefunden
Mm. longissimi;Wirbelsäule & Rumpf;Rückenmuskulatur;Ursprung;abweichend;"M. longissimus thoracis: Procc. accessorii und Procc. transversi L1–L5; M. longissimus capitis/cervicis: Procc. transversi der thorakalen und zervikalen Wirbel";Kreuzbein und Wirbel;;https://de.wikipedia.org/wiki/Musculus_longissimus
Mm. longissimi;Wirbelsäule & Rumpf;Rückenmuskulatur;Ansatz;abweichend;"Crista iliaca, Sakrum (lumbal); 1.–12. Rippe (thorakal); Proc. mastoideus (capitis)";Wirbel, Rippen, Schläfenbein;;https://de.wikipedia.org/wiki/Musculus_longissimus
Mm. longissimi;Wirbelsäule & Rumpf;Rückenmuskulatur;Funktion;Freitext — nur lesen;"Die Mm. longissimi richten bei beidseitiger Aktivität die Wirbelsäule und den Kopf auf; bei einseitiger Kontraktion bewirken sie eine Lateralflexion und ipsilaterale Rotation. Die Kapitis-Anteile ermöglichen zusätzlich eine Reklination des Kopfes.";Strecken und Seitwärtsbiegen der Wirbelsäule;;https://de.wikipedia.org/wiki/Musculus_longissimus
Mm. longissimi;Wirbelsäule & Rumpf;Rückenmuskulatur;Innervation;gleich (andere Worte);Rr. dorsales der Spinalnerven;Spinalnerven (Rami dorsales);;https://de.wikipedia.org/wiki/Musculus_longissimus
Mm. longissimi;Wirbelsäule & Rumpf;Rückenmuskulatur;Segmente;beide leer;;;;https://de.wikipedia.org/wiki/Musculus_longissimus
Mm. lumbricales;Untere Extremität;Fuß & Sprunggelenk;—;kein Vergleich;;;;Artikel ohne Infobox
Mm. lumbricales I–IV;Obere Extremität;Hand & Finger;Ursprung;gleich;Sehnen des M. flexor digitorum profundus;Sehnen des Musculus flexor digitorum profundus;;https://de.wikipedia.org/wiki/Musculi_lumbricales_(Hand)
Mm. lumbricales I–IV;Obere Extremität;Hand & Finger;Ansatz;teils gleich;Dorsalaponeurosen der Finger II–V;Radialseite jedes Fingers im Bereich der Dorsalaponeurose;;https://de.wikipedia.org/wiki/Musculi_lumbricales_(Hand)
Mm. lumbricales I–IV;Obere Extremität;Hand & Finger;Funktion;Freitext — nur lesen;MCP-Flexion, IP-Extension und leichte Radialabduktion der Finger II-V;Flexion der Fingergrundgelenke bei gleichzeitiger Extension der Fingermittel- und -endgelenke;;https://de.wikipedia.org/wiki/Musculi_lumbricales_(Hand)
Mm. lumbricales I–IV;Obere Extremität;Hand & Finger;Innervation;teils gleich;N. medianus (I, II), N. ulnaris (III, IV);Nervus medianus (Musculi lumbricales 1 und 2), Nervus ulnaris, Ramus profundus (Musculi lumbricales 3 (variabel) und 4);;https://de.wikipedia.org/wiki/Musculi_lumbricales_(Hand)
Mm. lumbricales I–IV;Obere Extremität;Hand & Finger;Segmente;gleich;C8, Th1;C8, Th1;;https://de.wikipedia.org/wiki/Musculi_lumbricales_(Hand)
Mm. multifidi;Wirbelsäule & Rumpf;Rückenmuskulatur;Ursprung;abweichend;Os sacrum (S4) bis C2, Procc. transversi;seitliche Wirbelfortsätze;;https://de.wikipedia.org/wiki/Musculi_multifidi
Mm. multifidi;Wirbelsäule & Rumpf;Rückenmuskulatur;Ansatz;abweichend;Procc. spinosi 2–4 Wirbel höher;Dornfortsatz;;https://de.wikipedia.org/wiki/Musculi_multifidi
Mm. multifidi;Wirbelsäule & Rumpf;Rückenmuskulatur;Funktion;Freitext — nur lesen;"Strecken und sichern die Wirbelsäule segmentnah; einseitig Rotation zur Gegenseite";Stabilisierung der Wirbelsäule;;https://de.wikipedia.org/wiki/Musculi_multifidi
Mm. multifidi;Wirbelsäule & Rumpf;Rückenmuskulatur;Innervation;gleich (andere Worte);Rr. dorsales der Spinalnerven;Rami dorsales der Spinalnerven;;https://de.wikipedia.org/wiki/Musculi_multifidi
Mm. multifidi;Wirbelsäule & Rumpf;Rückenmuskulatur;Segmente;beide leer;;;;https://de.wikipedia.org/wiki/Musculi_multifidi
Mm. rotatores;Wirbelsäule & Rumpf;Rückenmuskulatur;Ursprung;abweichend;Procc. transversi (zervikal, thorakal, lumbal);Querfortsatz;;https://de.wikipedia.org/wiki/Musculi_rotatores
Mm. rotatores;Wirbelsäule & Rumpf;Rückenmuskulatur;Ansatz;abweichend;Procc. spinosi 1–2 Wirbel höher;Dornfortsatz des vorherigen oder vorvorherigen Wirbels;;https://de.wikipedia.org/wiki/Musculi_rotatores
Mm. rotatores;Wirbelsäule & Rumpf;Rückenmuskulatur;Funktion;Freitext — nur lesen;Die Mm. rotatores drehen jeden Wirbel zur Gegenseite hin. Da sie nur wenige Segmente überspringen, ermöglichen sie eine präzise, segmentübergreifende Rotationsbewegung der Wirbelsäule.;Stabilisierung der Wirbelsäule;;https://de.wikipedia.org/wiki/Musculi_rotatores
Mm. rotatores;Wirbelsäule & Rumpf;Rückenmuskulatur;Innervation;gleich (andere Worte);Rr. dorsales der Spinalnerven;Rami dorsales der Spinalnerven;;https://de.wikipedia.org/wiki/Musculi_rotatores
Mm. rotatores;Wirbelsäule & Rumpf;Rückenmuskulatur;Segmente;beide leer;;;;https://de.wikipedia.org/wiki/Musculi_rotatores
Mm. spinales;Wirbelsäule & Rumpf;Rückenmuskulatur;Ursprung;abweichend;Procc. spinosi L3–Th10;Dornfortsätze;;https://de.wikipedia.org/wiki/Musculus_spinalis
Mm. spinales;Wirbelsäule & Rumpf;Rückenmuskulatur;Ansatz;abweichend;Procc. spinosi Th8–Th2 (M. spinalis thoracis);Dornfortsätze;;https://de.wikipedia.org/wiki/Musculus_spinalis
Mm. spinales;Wirbelsäule & Rumpf;Rückenmuskulatur;Funktion;Freitext — nur lesen;"Die Mm. spinales sichern die natürlichen Wirbelsäulenkrümmungen. Bei beidseitiger Kontraktion richten sie die Wirbelsäule auf; wirken sie einseitig, kommt es zu einer Seitwärtsneigung in Richtung der aktiven Seite.";Stabilisierung der Wirbelsäule;;https://de.wikipedia.org/wiki/Musculus_spinalis
Mm. spinales;Wirbelsäule & Rumpf;Rückenmuskulatur;Innervation;gleich (andere Worte);Rr. dorsales der Spinalnerven;Rami dorsales der Spinalnerven;;https://de.wikipedia.org/wiki/Musculus_spinalis
Mm. spinales;Wirbelsäule & Rumpf;Rückenmuskulatur;Segmente;beide leer;;;;https://de.wikipedia.org/wiki/Musculus_spinalis
Mm. splenii;Wirbelsäule & Rumpf;Rückenmuskulatur;Ursprung;abweichend;"M. splenius capitis: Lig. nuchae, Procc. spinosi C7–Th3; M. splenius cervicis: Procc. spinosi Th3–Th6";Nackenband, Dornfortsätze der Hals- und Brustwirbel;;https://de.wikipedia.org/wiki/Musculi_splenii
Mm. splenii;Wirbelsäule & Rumpf;Rückenmuskulatur;Ansatz;abweichend;"Proc. mastoideus, Linea nuchalis superior (capitis); Procc. transversi C1–C3 (cervicis)";Querfortsätze, Hinterhauptsbein, Linea nuchae superior;;https://de.wikipedia.org/wiki/Musculi_splenii
Mm. splenii;Wirbelsäule & Rumpf;Rückenmuskulatur;Funktion;Freitext — nur lesen;Beidseitig kontrahiert streckt der M. splenius Kopf und Halswirbelsäule durch. Bei einseitiger Aktivität entsteht eine Kombination aus Seitwärtsneigung und Rotation zur gleichen Seite, womit er als Antagonist zu den kontralateralen Mm. rotatores wirkt.;Strecken des Halses, Anheben des Kopfes;;https://de.wikipedia.org/wiki/Musculi_splenii
Mm. splenii;Wirbelsäule & Rumpf;Rückenmuskulatur;Innervation;teils gleich;Rr. dorsales der Spinalnerven;Rami dorsales der Spinalnerven des Halses;;https://de.wikipedia.org/wiki/Musculi_splenii
Mm. splenii;Wirbelsäule & Rumpf;Rückenmuskulatur;Segmente;nur Wikipedia;;C3, C4;;https://de.wikipedia.org/wiki/Musculi_splenii
Platysma;Kopf & Hals;Halsmuskulatur;—;kein Vergleich;;;;Artikel ohne Infobox
